{
    "System Info": {
        "Firmware Version": "2025.01",
        "SoC Family": "Unknown",
        "System Name": "Raspberry Pi 4 Model B Rev 1.5",
        "Vendor": "raspberrypi",
        "Summary Generated On": "2025-01-08 18:25:32",
        "ACS version": "ACS v24.11_3.0.0-BET0",
        "SRS version": "SRS 3.0",
        "BSA version": "BSA v1.0C",
        "BBR version": "BBR v2.1",
        "EBBR version": "EBBR v2.2.0",
        "BBSR version": "BBSR v1.3",
        "Band": "SystemReady Devicetree band 3.0",
        "Device Tree Version": "v0.4",
        "FW source code": "Unknown",
        "Flashing instructions": "Unknown",
        "product website": "Unknown",
        "Tested operated Systems": "Unknown",
        "Testlab assistance": "Unknown",
        "UEFI Version": "UEFI v2.100 (Das U-Boot, 0x20250100)"
    },
    "ACS Results Summary": {
        "Band": "SystemReady Devicetree band 3.0",
        "Date": "2025-01-08 18:25:32"
    }
}