[
    {
        "Test_suite": "Memory Map",
        "subtests": [
            {
                "sub_Test_Number": "104",
                "sub_Test_Description": "Addressability",
                "sub_test_result": "PASSED"
            }
        ],
        "test_suite_summary": {
            "total_PASSED": 1,
            "total_FAILED": 0,
            "total_ABORTED": 0,
            "total_SKIPPED": 0,
            "total_WARNINGS": 0
        }
    },
    {
        "Test_suite": "Peripheral",
        "subtests": [
            {
                "sub_Test_Number": "605",
                "sub_Test_Description": "Memory Attribute of DMA",
                "sub_test_result": "SKIPPED",
                "RULES SKIPPED": "B_PER_09, B_PER_10"
            }
        ],
        "test_suite_summary": {
            "total_PASSED": 0,
            "total_FAILED": 0,
            "total_ABORTED": 0,
            "total_SKIPPED": 1,
            "total_WARNINGS": 0
        }
    },
    {
        "Suite_summary": {
            "total_PASSED": 1,
            "total_FAILED": 0,
            "total_ABORTED": 0,
            "total_SKIPPED": 1,
            "total_WARNINGS": 0
        }
    }
]