{
    "test_results": [
        {
            "Test_suite_name": "DTValidation",
            "Test_suite_description": "Validation for device tree",
            "Test_case": "dt_kselftest",
            "Test_case_description": "Device Tree kselftests",
            "subtests": [
                {
                    "sub_Test_Number": "1",
                    "sub_Test_Description": "/cam_dummy_reg",
                    "sub_test_result": {
                        "PASSED": 1,
                        "FAILED": 0,
                        "FAILED_WITH_WAIVER": 0,
                        "ABORTED": 0,
                        "SKIPPED": 0,
                        "WARNINGS": 0,
                        "waiver_reason": ""
                    }
                },
                {
                    "sub_Test_Number": "2",
                    "sub_Test_Description": "/clk-108M",
                    "sub_test_result": {
                        "PASSED": 0,
                        "FAILED": 0,
                        "FAILED_WITH_WAIVER": 0,
                        "ABORTED": 0,
                        "SKIPPED": 1,
                        "WARNINGS": 0,
                        "waiver_reason": ""
                    }
                },
                {
                    "sub_Test_Number": "3",
                    "sub_Test_Description": "/clk-27M",
                    "sub_test_result": {
                        "PASSED": 0,
                        "FAILED": 0,
                        "FAILED_WITH_WAIVER": 0,
                        "ABORTED": 0,
                        "SKIPPED": 1,
                        "WARNINGS": 0,
                        "waiver_reason": ""
                    }
                },
                {
                    "sub_Test_Number": "4",
                    "sub_Test_Description": "/clocks",
                    "sub_test_result": {
                        "PASSED": 1,
                        "FAILED": 0,
                        "FAILED_WITH_WAIVER": 0,
                        "ABORTED": 0,
                        "SKIPPED": 0,
                        "WARNINGS": 0,
                        "waiver_reason": ""
                    }
                },
                {
                    "sub_Test_Number": "5",
                    "sub_Test_Description": "/clocks/clk-osc",
                    "sub_test_result": {
                        "PASSED": 0,
                        "FAILED": 0,
                        "FAILED_WITH_WAIVER": 0,
                        "ABORTED": 0,
                        "SKIPPED": 1,
                        "WARNINGS": 0,
                        "waiver_reason": ""
                    }
                },
                {
                    "sub_Test_Number": "6",
                    "sub_Test_Description": "/clocks/clk-usb",
                    "sub_test_result": {
                        "PASSED": 0,
                        "FAILED": 0,
                        "FAILED_WITH_WAIVER": 0,
                        "ABORTED": 0,
                        "SKIPPED": 1,
                        "WARNINGS": 0,
                        "waiver_reason": ""
                    }
                },
                {
                    "sub_Test_Number": "7",
                    "sub_Test_Description": "/cpus/cpu@0",
                    "sub_test_result": {
                        "PASSED": 0,
                        "FAILED": 0,
                        "FAILED_WITH_WAIVER": 0,
                        "ABORTED": 0,
                        "SKIPPED": 1,
                        "WARNINGS": 0,
                        "waiver_reason": ""
                    }
                },
                {
                    "sub_Test_Number": "8",
                    "sub_Test_Description": "/cpus/cpu@1",
                    "sub_test_result": {
                        "PASSED": 0,
                        "FAILED": 0,
                        "FAILED_WITH_WAIVER": 0,
                        "ABORTED": 0,
                        "SKIPPED": 1,
                        "WARNINGS": 0,
                        "waiver_reason": ""
                    }
                },
                {
                    "sub_Test_Number": "9",
                    "sub_Test_Description": "/cpus/cpu@2",
                    "sub_test_result": {
                        "PASSED": 0,
                        "FAILED": 0,
                        "FAILED_WITH_WAIVER": 0,
                        "ABORTED": 0,
                        "SKIPPED": 1,
                        "WARNINGS": 0,
                        "waiver_reason": ""
                    }
                },
                {
                    "sub_Test_Number": "10",
                    "sub_Test_Description": "/cpus/cpu@3",
                    "sub_test_result": {
                        "PASSED": 0,
                        "FAILED": 0,
                        "FAILED_WITH_WAIVER": 0,
                        "ABORTED": 0,
                        "SKIPPED": 1,
                        "WARNINGS": 0,
                        "waiver_reason": ""
                    }
                },
                {
                    "sub_Test_Number": "11",
                    "sub_Test_Description": "/cpus/l2-cache0",
                    "sub_test_result": {
                        "PASSED": 0,
                        "FAILED": 0,
                        "FAILED_WITH_WAIVER": 0,
                        "ABORTED": 0,
                        "SKIPPED": 1,
                        "WARNINGS": 0,
                        "waiver_reason": ""
                    }
                },
                {
                    "sub_Test_Number": "12",
                    "sub_Test_Description": "/emmc2bus",
                    "sub_test_result": {
                        "PASSED": 1,
                        "FAILED": 0,
                        "FAILED_WITH_WAIVER": 0,
                        "ABORTED": 0,
                        "SKIPPED": 0,
                        "WARNINGS": 0,
                        "waiver_reason": ""
                    }
                },
                {
                    "sub_Test_Number": "13",
                    "sub_Test_Description": "/emmc2bus/mmc@7e340000",
                    "sub_test_result": {
                        "PASSED": 1,
                        "FAILED": 0,
                        "FAILED_WITH_WAIVER": 0,
                        "ABORTED": 0,
                        "SKIPPED": 0,
                        "WARNINGS": 0,
                        "waiver_reason": ""
                    }
                },
                {
                    "sub_Test_Number": "14",
                    "sub_Test_Description": "/fixedregulator_3v3",
                    "sub_test_result": {
                        "PASSED": 1,
                        "FAILED": 0,
                        "FAILED_WITH_WAIVER": 0,
                        "ABORTED": 0,
                        "SKIPPED": 0,
                        "WARNINGS": 0,
                        "waiver_reason": ""
                    }
                },
                {
                    "sub_Test_Number": "15",
                    "sub_Test_Description": "/fixedregulator_5v0",
                    "sub_test_result": {
                        "PASSED": 1,
                        "FAILED": 0,
                        "FAILED_WITH_WAIVER": 0,
                        "ABORTED": 0,
                        "SKIPPED": 0,
                        "WARNINGS": 0,
                        "waiver_reason": ""
                    }
                },
                {
                    "sub_Test_Number": "16",
                    "sub_Test_Description": "/framebuffer@3e513000",
                    "sub_test_result": {
                        "PASSED": 0,
                        "FAILED": 1,
                        "FAILED_WITH_WAIVER": 0,
                        "ABORTED": 0,
                        "SKIPPED": 0,
                        "WARNINGS": 0,
                        "waiver_reason": ""
                    }
                },
                {
                    "sub_Test_Number": "17",
                    "sub_Test_Description": "/leds",
                    "sub_test_result": {
                        "PASSED": 1,
                        "FAILED": 0,
                        "FAILED_WITH_WAIVER": 0,
                        "ABORTED": 0,
                        "SKIPPED": 0,
                        "WARNINGS": 0,
                        "waiver_reason": ""
                    }
                },
                {
                    "sub_Test_Number": "18",
                    "sub_Test_Description": "/phy",
                    "sub_test_result": {
                        "PASSED": 1,
                        "FAILED": 0,
                        "FAILED_WITH_WAIVER": 0,
                        "ABORTED": 0,
                        "SKIPPED": 0,
                        "WARNINGS": 0,
                        "waiver_reason": ""
                    }
                },
                {
                    "sub_Test_Number": "19",
                    "sub_Test_Description": "/psci",
                    "sub_test_result": {
                        "PASSED": 1,
                        "FAILED": 0,
                        "FAILED_WITH_WAIVER": 0,
                        "ABORTED": 0,
                        "SKIPPED": 0,
                        "WARNINGS": 0,
                        "waiver_reason": ""
                    }
                },
                {
                    "sub_Test_Number": "20",
                    "sub_Test_Description": "/regulator-sd-io-1v8",
                    "sub_test_result": {
                        "PASSED": 1,
                        "FAILED": 0,
                        "FAILED_WITH_WAIVER": 0,
                        "ABORTED": 0,
                        "SKIPPED": 0,
                        "WARNINGS": 0,
                        "waiver_reason": ""
                    }
                },
                {
                    "sub_Test_Number": "21",
                    "sub_Test_Description": "/regulator-sd-vcc",
                    "sub_test_result": {
                        "PASSED": 1,
                        "FAILED": 0,
                        "FAILED_WITH_WAIVER": 0,
                        "ABORTED": 0,
                        "SKIPPED": 0,
                        "WARNINGS": 0,
                        "waiver_reason": ""
                    }
                },
                {
                    "sub_Test_Number": "22",
                    "sub_Test_Description": "/reserved-memory/linux,cma",
                    "sub_test_result": {
                        "PASSED": 0,
                        "FAILED": 0,
                        "FAILED_WITH_WAIVER": 0,
                        "ABORTED": 0,
                        "SKIPPED": 1,
                        "WARNINGS": 0,
                        "waiver_reason": ""
                    }
                },
                {
                    "sub_Test_Number": "23",
                    "sub_Test_Description": "/reserved-memory/nvram@0",
                    "sub_test_result": {
                        "PASSED": 1,
                        "FAILED": 0,
                        "FAILED_WITH_WAIVER": 0,
                        "ABORTED": 0,
                        "SKIPPED": 0,
                        "WARNINGS": 0,
                        "waiver_reason": ""
                    }
                },
                {
                    "sub_Test_Number": "24",
                    "sub_Test_Description": "/reserved-memory/nvram@1",
                    "sub_test_result": {
                        "PASSED": 1,
                        "FAILED": 0,
                        "FAILED_WITH_WAIVER": 0,
                        "ABORTED": 0,
                        "SKIPPED": 0,
                        "WARNINGS": 0,
                        "waiver_reason": ""
                    }
                },
                {
                    "sub_Test_Number": "25",
                    "sub_Test_Description": "/scb",
                    "sub_test_result": {
                        "PASSED": 1,
                        "FAILED": 0,
                        "FAILED_WITH_WAIVER": 0,
                        "ABORTED": 0,
                        "SKIPPED": 0,
                        "WARNINGS": 0,
                        "waiver_reason": ""
                    }
                },
                {
                    "sub_Test_Number": "26",
                    "sub_Test_Description": "/scb/codec@7eb10000",
                    "sub_test_result": {
                        "PASSED": 0,
                        "FAILED": 0,
                        "FAILED_WITH_WAIVER": 0,
                        "ABORTED": 0,
                        "SKIPPED": 1,
                        "WARNINGS": 0,
                        "waiver_reason": ""
                    }
                },
                {
                    "sub_Test_Number": "27",
                    "sub_Test_Description": "/scb/dma@7e007b00",
                    "sub_test_result": {
                        "PASSED": 0,
                        "FAILED": 0,
                        "FAILED_WITH_WAIVER": 0,
                        "ABORTED": 0,
                        "SKIPPED": 1,
                        "WARNINGS": 0,
                        "waiver_reason": ""
                    }
                },
                {
                    "sub_Test_Number": "28",
                    "sub_Test_Description": "/scb/ethernet@7d580000",
                    "sub_test_result": {
                        "PASSED": 1,
                        "FAILED": 0,
                        "FAILED_WITH_WAIVER": 0,
                        "ABORTED": 0,
                        "SKIPPED": 0,
                        "WARNINGS": 0,
                        "waiver_reason": ""
                    }
                },
                {
                    "sub_Test_Number": "29",
                    "sub_Test_Description": "/scb/ethernet@7d580000/mdio@e14",
                    "sub_test_result": {
                        "PASSED": 1,
                        "FAILED": 0,
                        "FAILED_WITH_WAIVER": 0,
                        "ABORTED": 0,
                        "SKIPPED": 0,
                        "WARNINGS": 0,
                        "waiver_reason": ""
                    }
                },
                {
                    "sub_Test_Number": "30",
                    "sub_Test_Description": "/scb/pcie@7d500000",
                    "sub_test_result": {
                        "PASSED": 1,
                        "FAILED": 0,
                        "FAILED_WITH_WAIVER": 0,
                        "ABORTED": 0,
                        "SKIPPED": 0,
                        "WARNINGS": 0,
                        "waiver_reason": ""
                    }
                },
                {
                    "sub_Test_Number": "31",
                    "sub_Test_Description": "/soc",
                    "sub_test_result": {
                        "PASSED": 1,
                        "FAILED": 0,
                        "FAILED_WITH_WAIVER": 0,
                        "ABORTED": 0,
                        "SKIPPED": 0,
                        "WARNINGS": 0,
                        "waiver_reason": ""
                    }
                },
                {
                    "sub_Test_Number": "32",
                    "sub_Test_Description": "/soc/aux@7e215000",
                    "sub_test_result": {
                        "PASSED": 1,
                        "FAILED": 0,
                        "FAILED_WITH_WAIVER": 0,
                        "ABORTED": 0,
                        "SKIPPED": 0,
                        "WARNINGS": 0,
                        "waiver_reason": ""
                    }
                },
                {
                    "sub_Test_Number": "33",
                    "sub_Test_Description": "/soc/avs-monitor@7d5d2000",
                    "sub_test_result": {
                        "PASSED": 0,
                        "FAILED": 0,
                        "FAILED_WITH_WAIVER": 0,
                        "ABORTED": 0,
                        "SKIPPED": 1,
                        "WARNINGS": 0,
                        "waiver_reason": ""
                    }
                },
                {
                    "sub_Test_Number": "34",
                    "sub_Test_Description": "/soc/avs-monitor@7d5d2000/thermal",
                    "sub_test_result": {
                        "PASSED": 1,
                        "FAILED": 0,
                        "FAILED_WITH_WAIVER": 0,
                        "ABORTED": 0,
                        "SKIPPED": 0,
                        "WARNINGS": 0,
                        "waiver_reason": ""
                    }
                },
                {
                    "sub_Test_Number": "35",
                    "sub_Test_Description": "/soc/cprman@7e101000",
                    "sub_test_result": {
                        "PASSED": 1,
                        "FAILED": 0,
                        "FAILED_WITH_WAIVER": 0,
                        "ABORTED": 0,
                        "SKIPPED": 0,
                        "WARNINGS": 0,
                        "waiver_reason": ""
                    }
                },
                {
                    "sub_Test_Number": "36",
                    "sub_Test_Description": "/soc/dma-controller@7e007000",
                    "sub_test_result": {
                        "PASSED": 1,
                        "FAILED": 0,
                        "FAILED_WITH_WAIVER": 0,
                        "ABORTED": 0,
                        "SKIPPED": 0,
                        "WARNINGS": 0,
                        "waiver_reason": ""
                    }
                },
                {
                    "sub_Test_Number": "37",
                    "sub_Test_Description": "/soc/fb",
                    "sub_test_result": {
                        "PASSED": 0,
                        "FAILED": 0,
                        "FAILED_WITH_WAIVER": 0,
                        "ABORTED": 0,
                        "SKIPPED": 1,
                        "WARNINGS": 0,
                        "waiver_reason": ""
                    }
                },
                {
                    "sub_Test_Number": "38",
                    "sub_Test_Description": "/soc/firmware",
                    "sub_test_result": {
                        "PASSED": 1,
                        "FAILED": 0,
                        "FAILED_WITH_WAIVER": 0,
                        "ABORTED": 0,
                        "SKIPPED": 0,
                        "WARNINGS": 0,
                        "waiver_reason": ""
                    }
                },
                {
                    "sub_Test_Number": "39",
                    "sub_Test_Description": "/soc/firmware/clocks",
                    "sub_test_result": {
                        "PASSED": 1,
                        "FAILED": 0,
                        "FAILED_WITH_WAIVER": 0,
                        "ABORTED": 0,
                        "SKIPPED": 0,
                        "WARNINGS": 0,
                        "waiver_reason": ""
                    }
                },
                {
                    "sub_Test_Number": "40",
                    "sub_Test_Description": "/soc/firmware/gpio",
                    "sub_test_result": {
                        "PASSED": 1,
                        "FAILED": 0,
                        "FAILED_WITH_WAIVER": 0,
                        "ABORTED": 0,
                        "SKIPPED": 0,
                        "WARNINGS": 0,
                        "waiver_reason": ""
                    }
                },
                {
                    "sub_Test_Number": "41",
                    "sub_Test_Description": "/soc/firmware/reset",
                    "sub_test_result": {
                        "PASSED": 1,
                        "FAILED": 0,
                        "FAILED_WITH_WAIVER": 0,
                        "ABORTED": 0,
                        "SKIPPED": 0,
                        "WARNINGS": 0,
                        "waiver_reason": ""
                    }
                },
                {
                    "sub_Test_Number": "42",
                    "sub_Test_Description": "/soc/firmware/vcio",
                    "sub_test_result": {
                        "PASSED": 0,
                        "FAILED": 0,
                        "FAILED_WITH_WAIVER": 0,
                        "ABORTED": 0,
                        "SKIPPED": 1,
                        "WARNINGS": 0,
                        "waiver_reason": ""
                    }
                },
                {
                    "sub_Test_Number": "43",
                    "sub_Test_Description": "/soc/gpio@7e200000",
                    "sub_test_result": {
                        "PASSED": 1,
                        "FAILED": 0,
                        "FAILED_WITH_WAIVER": 0,
                        "ABORTED": 0,
                        "SKIPPED": 0,
                        "WARNINGS": 0,
                        "waiver_reason": ""
                    }
                },
                {
                    "sub_Test_Number": "44",
                    "sub_Test_Description": "/soc/gpiomem",
                    "sub_test_result": {
                        "PASSED": 0,
                        "FAILED": 0,
                        "FAILED_WITH_WAIVER": 0,
                        "ABORTED": 0,
                        "SKIPPED": 1,
                        "WARNINGS": 0,
                        "waiver_reason": ""
                    }
                },
                {
                    "sub_Test_Number": "45",
                    "sub_Test_Description": "/soc/interrupt-controller@40000000",
                    "sub_test_result": {
                        "PASSED": 0,
                        "FAILED": 0,
                        "FAILED_WITH_WAIVER": 0,
                        "ABORTED": 0,
                        "SKIPPED": 1,
                        "WARNINGS": 0,
                        "waiver_reason": ""
                    }
                },
                {
                    "sub_Test_Number": "46",
                    "sub_Test_Description": "/soc/interrupt-controller@40041000",
                    "sub_test_result": {
                        "PASSED": 0,
                        "FAILED": 0,
                        "FAILED_WITH_WAIVER": 0,
                        "ABORTED": 0,
                        "SKIPPED": 1,
                        "WARNINGS": 0,
                        "waiver_reason": ""
                    }
                },
                {
                    "sub_Test_Number": "47",
                    "sub_Test_Description": "/soc/mailbox@7e00b840",
                    "sub_test_result": {
                        "PASSED": 0,
                        "FAILED": 0,
                        "FAILED_WITH_WAIVER": 0,
                        "ABORTED": 0,
                        "SKIPPED": 1,
                        "WARNINGS": 0,
                        "waiver_reason": ""
                    }
                },
                {
                    "sub_Test_Number": "48",
                    "sub_Test_Description": "/soc/mailbox@7e00b880",
                    "sub_test_result": {
                        "PASSED": 1,
                        "FAILED": 0,
                        "FAILED_WITH_WAIVER": 0,
                        "ABORTED": 0,
                        "SKIPPED": 0,
                        "WARNINGS": 0,
                        "waiver_reason": ""
                    }
                },
                {
                    "sub_Test_Number": "49",
                    "sub_Test_Description": "/soc/mmcnr@7e300000",
                    "sub_test_result": {
                        "PASSED": 1,
                        "FAILED": 0,
                        "FAILED_WITH_WAIVER": 0,
                        "ABORTED": 0,
                        "SKIPPED": 0,
                        "WARNINGS": 0,
                        "waiver_reason": ""
                    }
                },
                {
                    "sub_Test_Number": "50",
                    "sub_Test_Description": "/soc/nvmem",
                    "sub_test_result": {
                        "PASSED": 1,
                        "FAILED": 0,
                        "FAILED_WITH_WAIVER": 0,
                        "ABORTED": 0,
                        "SKIPPED": 0,
                        "WARNINGS": 0,
                        "waiver_reason": ""
                    }
                },
                {
                    "sub_Test_Number": "51",
                    "sub_Test_Description": "/soc/nvmem/nvmem_cust",
                    "sub_test_result": {
                        "PASSED": 0,
                        "FAILED": 0,
                        "FAILED_WITH_WAIVER": 0,
                        "ABORTED": 0,
                        "SKIPPED": 1,
                        "WARNINGS": 0,
                        "waiver_reason": ""
                    }
                },
                {
                    "sub_Test_Number": "52",
                    "sub_Test_Description": "/soc/nvmem/nvmem_otp",
                    "sub_test_result": {
                        "PASSED": 0,
                        "FAILED": 0,
                        "FAILED_WITH_WAIVER": 0,
                        "ABORTED": 0,
                        "SKIPPED": 1,
                        "WARNINGS": 0,
                        "waiver_reason": ""
                    }
                },
                {
                    "sub_Test_Number": "53",
                    "sub_Test_Description": "/soc/nvmem/nvmem_priv",
                    "sub_test_result": {
                        "PASSED": 0,
                        "FAILED": 0,
                        "FAILED_WITH_WAIVER": 0,
                        "ABORTED": 0,
                        "SKIPPED": 1,
                        "WARNINGS": 0,
                        "waiver_reason": ""
                    }
                },
                {
                    "sub_Test_Number": "54",
                    "sub_Test_Description": "/soc/power",
                    "sub_test_result": {
                        "PASSED": 1,
                        "FAILED": 0,
                        "FAILED_WITH_WAIVER": 0,
                        "ABORTED": 0,
                        "SKIPPED": 0,
                        "WARNINGS": 0,
                        "waiver_reason": ""
                    }
                },
                {
                    "sub_Test_Number": "55",
                    "sub_Test_Description": "/soc/rng@7e104000",
                    "sub_test_result": {
                        "PASSED": 1,
                        "FAILED": 0,
                        "FAILED_WITH_WAIVER": 0,
                        "ABORTED": 0,
                        "SKIPPED": 0,
                        "WARNINGS": 0,
                        "waiver_reason": ""
                    }
                },
                {
                    "sub_Test_Number": "56",
                    "sub_Test_Description": "/soc/serial@7e201000",
                    "sub_test_result": {
                        "PASSED": 1,
                        "FAILED": 0,
                        "FAILED_WITH_WAIVER": 0,
                        "ABORTED": 0,
                        "SKIPPED": 0,
                        "WARNINGS": 0,
                        "waiver_reason": ""
                    }
                },
                {
                    "sub_Test_Number": "57",
                    "sub_Test_Description": "/soc/serial@7e201000/bluetooth",
                    "sub_test_result": {
                        "PASSED": 1,
                        "FAILED": 0,
                        "FAILED_WITH_WAIVER": 0,
                        "ABORTED": 0,
                        "SKIPPED": 0,
                        "WARNINGS": 0,
                        "waiver_reason": ""
                    }
                },
                {
                    "sub_Test_Number": "58",
                    "sub_Test_Description": "/soc/serial@7e215040",
                    "sub_test_result": {
                        "PASSED": 1,
                        "FAILED": 0,
                        "FAILED_WITH_WAIVER": 0,
                        "ABORTED": 0,
                        "SKIPPED": 0,
                        "WARNINGS": 0,
                        "waiver_reason": ""
                    }
                },
                {
                    "sub_Test_Number": "59",
                    "sub_Test_Description": "/soc/watchdog@7e100000",
                    "sub_test_result": {
                        "PASSED": 1,
                        "FAILED": 0,
                        "FAILED_WITH_WAIVER": 0,
                        "ABORTED": 0,
                        "SKIPPED": 0,
                        "WARNINGS": 0,
                        "waiver_reason": ""
                    }
                },
                {
                    "sub_Test_Number": "60",
                    "sub_Test_Description": "/timer",
                    "sub_test_result": {
                        "PASSED": 0,
                        "FAILED": 0,
                        "FAILED_WITH_WAIVER": 0,
                        "ABORTED": 0,
                        "SKIPPED": 1,
                        "WARNINGS": 0,
                        "waiver_reason": ""
                    }
                },
                {
                    "sub_Test_Number": "61",
                    "sub_Test_Description": "/v3dbus",
                    "sub_test_result": {
                        "PASSED": 1,
                        "FAILED": 0,
                        "FAILED_WITH_WAIVER": 0,
                        "ABORTED": 0,
                        "SKIPPED": 0,
                        "WARNINGS": 0,
                        "waiver_reason": ""
                    }
                }
            ],
            "test_suite_summary": {
                "total_PASSED": 37,
                "total_FAILED": 1,
                "total_SKIPPED": 23,
                "total_ABORTED": 0,
                "total_WARNINGS": 0
            }
        }
    ],
    "suite_summary": {
        "total_PASSED": 37,
        "total_FAILED": 1,
        "total_SKIPPED": 23,
        "total_ABORTED": 0,
        "total_WARNINGS": 0
    }
}