{
    "Suite_Name: acs_info": {
        "System Info": {
            "Firmware Version": "2025.01",
            "SoC Family": "Unknown",
            "System Name": "Raspberry Pi 4 Model B Rev 1.5",
            "Vendor": "raspberrypi",
            "Summary Generated On": "2025-01-08 18:25:32",
            "ACS version": "ACS v24.11_3.0.0-BET0",
            "SRS version": "SRS 3.0",
            "BSA version": "BSA v1.0C",
            "BBR version": "BBR v2.1",
            "EBBR version": "EBBR v2.2.0",
            "BBSR version": "BBSR v1.3",
            "Band": "SystemReady Devicetree band 3.0",
            "Device Tree Version": "v0.4",
            "FW source code": "Unknown",
            "Flashing instructions": "Unknown",
            "product website": "Unknown",
            "Tested operated Systems": "Unknown",
            "Testlab assistance": "Unknown",
            "UEFI Version": "UEFI v2.100 (Das U-Boot, 0x20250100)"
        },
        "ACS Results Summary": {
            "Band": "SystemReady Devicetree band 3.0",
            "Date": "2025-01-08 18:25:32",
            "Suite_Name: PSCI_compliance": "Not Compliant: Failed 2",
            "Suite_Name: SCT_compliance": "Not Compliant: not run",
            "Suite_Name: BBSR-SCT_compliance": "Not Compliant: not run",
            "Suite_Name: Capsule Update_compliance": "Not Compliant: not run",
            "Suite_Name: BBSR-FWTS_compliance": "Not Compliant: not run",
            "Suite_Name: BSA_compliance": "Compliant",
            "Suite_Name: FWTS_compliance": "Compliant",
            "Suite_Name: DT_KSELFTEST_compliance": "Not compliant",
            "Suite_Name: DT_VALIDATE_compliance": "Compliant",
            "Suite_Name: ETHTOOL_TEST_compliance": "Not compliant",
            "Suite_Name: READ_WRITE_CHECK_BLK_DEVICES_compliance": "Not compliant",
            "Overall Compliance Result": "Not Compliant (missing suite(s): SCT, Capsule Update; non-waived fails in suite(s): ETHTOOL_TEST, READ_WRITE_CHECK_BLK_DEVICES)"
        }
    },
    "Suite_Name: BSA": [
        {
            "Test_suite": "Memory Map",
            "subtests": [
                {
                    "sub_Test_Number": "104",
                    "sub_Test_Description": "Addressability",
                    "sub_test_result": "PASSED"
                }
            ],
            "test_suite_summary": {
                "total_PASSED": 1,
                "total_FAILED": 0,
                "total_ABORTED": 0,
                "total_SKIPPED": 0,
                "total_WARNINGS": 0
            }
        },
        {
            "Test_suite": "Peripheral",
            "subtests": [
                {
                    "sub_Test_Number": "605",
                    "sub_Test_Description": "Memory Attribute of DMA",
                    "sub_test_result": "SKIPPED",
                    "RULES SKIPPED": "B_PER_09, B_PER_10"
                }
            ],
            "test_suite_summary": {
                "total_PASSED": 0,
                "total_FAILED": 0,
                "total_ABORTED": 0,
                "total_SKIPPED": 1,
                "total_WARNINGS": 0
            }
        },
        {
            "Suite_summary": {
                "total_PASSED": 1,
                "total_FAILED": 0,
                "total_ABORTED": 0,
                "total_SKIPPED": 1,
                "total_WARNINGS": 0
            }
        }
    ],
    "Suite_Name: FWTS": {
        "test_results": [
            {
                "Test_suite": "dt_base",
                "Test_suite_Description": "Base device tree validity check",
                "subtests": [
                    {
                        "sub_Test_Number": "1 of 3",
                        "sub_Test_Description": "Check device tree presence",
                        "sub_test_result": {
                            "PASSED": 1,
                            "FAILED": 0,
                            "ABORTED": 0,
                            "SKIPPED": 0,
                            "WARNINGS": 0,
                            "pass_reasons": [
                                "Test 1, Device tree present"
                            ]
                        }
                    },
                    {
                        "sub_Test_Number": "2 of 3",
                        "sub_Test_Description": "Check device tree baseline validity",
                        "sub_test_result": {
                            "PASSED": 1,
                            "FAILED": 0,
                            "ABORTED": 0,
                            "SKIPPED": 0,
                            "WARNINGS": 0,
                            "pass_reasons": [
                                "Test 2, Device tree data valid"
                            ]
                        }
                    },
                    {
                        "sub_Test_Number": "3 of 3",
                        "sub_Test_Description": "Check device tree warnings",
                        "sub_test_result": {
                            "PASSED": 0,
                            "FAILED": 0,
                            "ABORTED": 0,
                            "SKIPPED": 0,
                            "WARNINGS": 1,
                            "warning_reasons": [
                                "Test 3, Some warnings from dtc. Run command \"dtc -I fs -O dts -o my.dts"
                            ]
                        }
                    }
                ],
                "test_suite_summary": {
                    "total_passed": 2,
                    "total_failed": 0,
                    "total_failed_with_waiver": 0,
                    "total_aborted": 0,
                    "total_skipped": 0,
                    "total_warnings": 1
                }
            },
            {
                "Test_suite": "esrt",
                "Test_suite_Description": "Sanity check UEFI ESRT Table.",
                "subtests": [
                    {
                        "sub_Test_Number": "1 of 2",
                        "sub_Test_Description": "Sanity check UEFI ESRT Table.",
                        "sub_test_result": {
                            "PASSED": 1,
                            "FAILED": 0,
                            "ABORTED": 0,
                            "SKIPPED": 0,
                            "WARNINGS": 0,
                            "pass_reasons": [
                                "Test 1, No issues found in ESRT table."
                            ]
                        }
                    },
                    {
                        "sub_Test_Number": "2 of 2",
                        "sub_Test_Description": "Validity of fw_class in UEFI ESRT Table for EBBR.",
                        "sub_test_result": {
                            "PASSED": 1,
                            "FAILED": 0,
                            "ABORTED": 0,
                            "SKIPPED": 0,
                            "WARNINGS": 0,
                            "pass_reasons": [
                                "Test 2, The fw_class in the ESRT are not default u-boot guids 1"
                            ]
                        }
                    }
                ],
                "test_suite_summary": {
                    "total_passed": 2,
                    "total_failed": 0,
                    "total_failed_with_waiver": 0,
                    "total_aborted": 0,
                    "total_skipped": 0,
                    "total_warnings": 0
                }
            },
            {
                "Test_suite": "uefibootpath",
                "Test_suite_Description": "Sanity check for UEFI Boot Path Boot####.",
                "subtests": [
                    {
                        "sub_Test_Number": "1 of 1",
                        "sub_Test_Description": "Test UEFI Boot Path Boot####.",
                        "sub_test_result": {
                            "PASSED": 3,
                            "FAILED": 0,
                            "ABORTED": 0,
                            "SKIPPED": 0,
                            "WARNINGS": 0,
                            "pass_reasons": [
                                "Test 1, Check bootpath Boot0000 test passed.",
                                "Test 1, Check bootpath Boot0001 test passed.",
                                "Test 1, Check bootpath Boot0002 test passed."
                            ]
                        }
                    }
                ],
                "test_suite_summary": {
                    "total_passed": 3,
                    "total_failed": 0,
                    "total_failed_with_waiver": 0,
                    "total_aborted": 0,
                    "total_skipped": 0,
                    "total_warnings": 0
                }
            },
            {
                "Test_suite": "uefivarinfo",
                "Test_suite_Description": "UEFI variable info query.",
                "subtests": [
                    {
                        "sub_Test_Number": "1 of 1",
                        "sub_Test_Description": "UEFI variable info query.",
                        "sub_test_result": {
                            "PASSED": 0,
                            "FAILED": 0,
                            "ABORTED": 0,
                            "SKIPPED": 0,
                            "WARNINGS": 0
                        }
                    }
                ],
                "test_suite_summary": {
                    "total_passed": 0,
                    "total_failed": 0,
                    "total_failed_with_waiver": 0,
                    "total_aborted": 0,
                    "total_skipped": 0,
                    "total_warnings": 0
                }
            },
            {
                "Test_suite": "uefirtmisc",
                "Test_suite_Description": "UEFI miscellaneous runtime service interface tests.",
                "subtests": [
                    {
                        "sub_Test_Number": "1 of 4",
                        "sub_Test_Description": "Test for UEFI miscellaneous runtime service interfaces.",
                        "sub_test_result": {
                            "PASSED": 0,
                            "FAILED": 0,
                            "ABORTED": 0,
                            "SKIPPED": 6,
                            "WARNINGS": 0,
                            "skip_reasons": [
                                "Test 1, Skipping test, GetNextHighMonotonicCount runtime service is not",
                                "Test 1, Skipping test, QueryCapsuleCapabilities runtime service is not",
                                "Test 1, Skipping test, QueryCapsuleCapabilities runtime service is not",
                                "Test 1, Skipping test, QueryCapsuleCapabilities runtime service is not",
                                "Test 1, Skipping test, QueryCapsuleCapabilities runtime service is not",
                                "Test 1, Skipping test, QueryCapsuleCapabilities runtime service is not"
                            ]
                        }
                    },
                    {
                        "sub_Test_Number": "2 of 4",
                        "sub_Test_Description": "Stress test for UEFI miscellaneous runtime service interfaces.",
                        "sub_test_result": {
                            "PASSED": 0,
                            "FAILED": 0,
                            "ABORTED": 0,
                            "SKIPPED": 1,
                            "WARNINGS": 0,
                            "skip_reasons": [
                                "Test 2, Skipping test, GetNextHighMonotonicCount runtime service is not"
                            ]
                        }
                    },
                    {
                        "sub_Test_Number": "3 of 4",
                        "sub_Test_Description": "Test GetNextHighMonotonicCount with invalid NULL parameter.",
                        "sub_test_result": {
                            "PASSED": 0,
                            "FAILED": 0,
                            "ABORTED": 0,
                            "SKIPPED": 1,
                            "WARNINGS": 0,
                            "skip_reasons": [
                                "Test 3, Skipping test, GetNextHighMonotonicCount runtime service is not"
                            ]
                        }
                    },
                    {
                        "sub_Test_Number": "4 of 4",
                        "sub_Test_Description": "Test UEFI miscellaneous runtime services unsupported status.",
                        "sub_test_result": {
                            "PASSED": 1,
                            "FAILED": 0,
                            "ABORTED": 0,
                            "SKIPPED": 0,
                            "WARNINGS": 0,
                            "pass_reasons": [
                                "Test 4, UEFI GetNextHighMonotonicCount runtime service unsupported"
                            ]
                        }
                    }
                ],
                "test_suite_summary": {
                    "total_passed": 1,
                    "total_failed": 0,
                    "total_failed_with_waiver": 0,
                    "total_aborted": 0,
                    "total_skipped": 8,
                    "total_warnings": 0
                }
            },
            {
                "Test_suite": "uefirtvariable",
                "Test_suite_Description": "UEFI Runtime service variable interface tests.",
                "subtests": [
                    {
                        "sub_Test_Number": "1 of 9",
                        "sub_Test_Description": "Test UEFI RT service get variable interface.",
                        "sub_test_result": {
                            "PASSED": 0,
                            "FAILED": 0,
                            "ABORTED": 0,
                            "SKIPPED": 1,
                            "WARNINGS": 0,
                            "skip_reasons": [
                                "Test 1, Skipping test, SetVariable runtime service is not supported on"
                            ]
                        }
                    },
                    {
                        "sub_Test_Number": "2 of 9",
                        "sub_Test_Description": "Test UEFI RT service get next variable name interface.",
                        "sub_test_result": {
                            "PASSED": 0,
                            "FAILED": 0,
                            "ABORTED": 0,
                            "SKIPPED": 1,
                            "WARNINGS": 0,
                            "skip_reasons": [
                                "Test 2, Skipping test, SetVariable runtime service is not supported on"
                            ]
                        }
                    },
                    {
                        "sub_Test_Number": "3 of 9",
                        "sub_Test_Description": "Test UEFI RT service set variable interface.",
                        "sub_test_result": {
                            "PASSED": 0,
                            "FAILED": 0,
                            "ABORTED": 0,
                            "SKIPPED": 1,
                            "WARNINGS": 0,
                            "skip_reasons": [
                                "Test 3, Skipping test, SetVariable runtime service is not supported on"
                            ]
                        }
                    },
                    {
                        "sub_Test_Number": "4 of 9",
                        "sub_Test_Description": "Test UEFI RT service query variable info interface.",
                        "sub_test_result": {
                            "PASSED": 1,
                            "FAILED": 0,
                            "ABORTED": 0,
                            "SKIPPED": 0,
                            "WARNINGS": 0,
                            "pass_reasons": [
                                "Test 4, UEFI runtime service query variable info interface test passed."
                            ]
                        }
                    },
                    {
                        "sub_Test_Number": "5 of 9",
                        "sub_Test_Description": "Test UEFI RT service variable interface stress test.",
                        "sub_test_result": {
                            "PASSED": 0,
                            "FAILED": 0,
                            "ABORTED": 0,
                            "SKIPPED": 1,
                            "WARNINGS": 0,
                            "skip_reasons": [
                                "Test 5, Skipping test, SetVariable runtime service is not supported on"
                            ]
                        }
                    },
                    {
                        "sub_Test_Number": "6 of 9",
                        "sub_Test_Description": "Test UEFI RT service set variable interface stress test.",
                        "sub_test_result": {
                            "PASSED": 0,
                            "FAILED": 0,
                            "ABORTED": 0,
                            "SKIPPED": 1,
                            "WARNINGS": 0,
                            "skip_reasons": [
                                "Test 6, Skipping test, SetVariable runtime service is not supported on"
                            ]
                        }
                    },
                    {
                        "sub_Test_Number": "7 of 9",
                        "sub_Test_Description": "Test UEFI RT service query variable info interface stress test.",
                        "sub_test_result": {
                            "PASSED": 1,
                            "FAILED": 0,
                            "ABORTED": 0,
                            "SKIPPED": 0,
                            "WARNINGS": 0,
                            "pass_reasons": [
                                "Test 7, UEFI runtime service query variable info interface stress test"
                            ]
                        }
                    },
                    {
                        "sub_Test_Number": "8 of 9",
                        "sub_Test_Description": "Test UEFI RT service get variable interface, invalid parameters.",
                        "sub_test_result": {
                            "PASSED": 0,
                            "FAILED": 0,
                            "ABORTED": 0,
                            "SKIPPED": 1,
                            "WARNINGS": 0,
                            "skip_reasons": [
                                "Test 8, Skipping test, SetVariable runtime service is not supported on"
                            ]
                        }
                    },
                    {
                        "sub_Test_Number": "9 of 9",
                        "sub_Test_Description": "Test UEFI RT variable services unsupported status.",
                        "sub_test_result": {
                            "PASSED": 1,
                            "FAILED": 0,
                            "ABORTED": 0,
                            "SKIPPED": 3,
                            "WARNINGS": 0,
                            "pass_reasons": [
                                "Test 9, UEFI SetVariable runtime service unsupported status test passed."
                            ],
                            "skip_reasons": [
                                "Test 9, GetVariable runtime service supported, skip test.",
                                "Test 9, GetNextVarName runtime service supported, skip test.",
                                "Test 9, QueryVarInfo runtime service supported, skip test."
                            ]
                        }
                    }
                ],
                "test_suite_summary": {
                    "total_passed": 3,
                    "total_failed": 0,
                    "total_failed_with_waiver": 0,
                    "total_aborted": 0,
                    "total_skipped": 9,
                    "total_warnings": 0
                }
            },
            {
                "Test_suite": "uefirttime",
                "Test_suite_Description": "UEFI Runtime service time interface tests.",
                "subtests": [
                    {
                        "sub_Test_Number": "1 of 36",
                        "sub_Test_Description": "Test UEFI RT service get time interface.",
                        "sub_test_result": {
                            "PASSED": 0,
                            "FAILED": 0,
                            "ABORTED": 0,
                            "SKIPPED": 1,
                            "WARNINGS": 0,
                            "skip_reasons": [
                                "Test 1, Skipping test, GetTime runtime service is not supported on this"
                            ]
                        }
                    },
                    {
                        "sub_Test_Number": "2 of 36",
                        "sub_Test_Description": "Test UEFI RT service get time interface, NULL time parameter.",
                        "sub_test_result": {
                            "PASSED": 0,
                            "FAILED": 0,
                            "ABORTED": 0,
                            "SKIPPED": 1,
                            "WARNINGS": 0,
                            "skip_reasons": [
                                "Test 2, Skipping test, GetTime runtime service is not supported on this"
                            ]
                        }
                    },
                    {
                        "sub_Test_Number": "3 of 36",
                        "sub_Test_Description": "Test UEFI RT service get time interface, NULL time and NULL",
                        "sub_test_result": {
                            "PASSED": 0,
                            "FAILED": 0,
                            "ABORTED": 0,
                            "SKIPPED": 1,
                            "WARNINGS": 0,
                            "skip_reasons": [
                                "Test 3, Skipping test, GetTime runtime service is not supported on this"
                            ]
                        }
                    },
                    {
                        "sub_Test_Number": "4 of 36",
                        "sub_Test_Description": "Test UEFI RT service set time interface.",
                        "sub_test_result": {
                            "PASSED": 0,
                            "FAILED": 0,
                            "ABORTED": 0,
                            "SKIPPED": 1,
                            "WARNINGS": 0,
                            "skip_reasons": [
                                "Test 4, Skipping test, GetTime runtime service is not supported on this"
                            ]
                        }
                    },
                    {
                        "sub_Test_Number": "5 of 36",
                        "sub_Test_Description": "Test UEFI RT service set time interface, invalid year 1899.",
                        "sub_test_result": {
                            "PASSED": 0,
                            "FAILED": 0,
                            "ABORTED": 0,
                            "SKIPPED": 1,
                            "WARNINGS": 0,
                            "skip_reasons": [
                                "Test 5, Skipping test, GetTime runtime service is not supported on this"
                            ]
                        }
                    },
                    {
                        "sub_Test_Number": "6 of 36",
                        "sub_Test_Description": "Test UEFI RT service set time interface, invalid year 10000.",
                        "sub_test_result": {
                            "PASSED": 0,
                            "FAILED": 0,
                            "ABORTED": 0,
                            "SKIPPED": 1,
                            "WARNINGS": 0,
                            "skip_reasons": [
                                "Test 6, Skipping test, GetTime runtime service is not supported on this"
                            ]
                        }
                    },
                    {
                        "sub_Test_Number": "7 of 36",
                        "sub_Test_Description": "Test UEFI RT service set time interface, invalid month 0.",
                        "sub_test_result": {
                            "PASSED": 0,
                            "FAILED": 0,
                            "ABORTED": 0,
                            "SKIPPED": 1,
                            "WARNINGS": 0,
                            "skip_reasons": [
                                "Test 7, Skipping test, GetTime runtime service is not supported on this"
                            ]
                        }
                    },
                    {
                        "sub_Test_Number": "8 of 36",
                        "sub_Test_Description": "Test UEFI RT service set time interface, invalid month 13.",
                        "sub_test_result": {
                            "PASSED": 0,
                            "FAILED": 0,
                            "ABORTED": 0,
                            "SKIPPED": 1,
                            "WARNINGS": 0,
                            "skip_reasons": [
                                "Test 8, Skipping test, GetTime runtime service is not supported on this"
                            ]
                        }
                    },
                    {
                        "sub_Test_Number": "9 of 36",
                        "sub_Test_Description": "Test UEFI RT service set time interface, invalid day 0.",
                        "sub_test_result": {
                            "PASSED": 0,
                            "FAILED": 0,
                            "ABORTED": 0,
                            "SKIPPED": 1,
                            "WARNINGS": 0,
                            "skip_reasons": [
                                "Test 9, Skipping test, GetTime runtime service is not supported on this"
                            ]
                        }
                    },
                    {
                        "sub_Test_Number": "10 of 36",
                        "sub_Test_Description": "Test UEFI RT service set time interface, invalid day 32.",
                        "sub_test_result": {
                            "PASSED": 0,
                            "FAILED": 0,
                            "ABORTED": 0,
                            "SKIPPED": 1,
                            "WARNINGS": 0,
                            "skip_reasons": [
                                "Test 10, Skipping test, GetTime runtime service is not supported on"
                            ]
                        }
                    },
                    {
                        "sub_Test_Number": "11 of 36",
                        "sub_Test_Description": "Test UEFI RT service set time interface, invalid hour 24.",
                        "sub_test_result": {
                            "PASSED": 0,
                            "FAILED": 0,
                            "ABORTED": 0,
                            "SKIPPED": 1,
                            "WARNINGS": 0,
                            "skip_reasons": [
                                "Test 11, Skipping test, GetTime runtime service is not supported on"
                            ]
                        }
                    },
                    {
                        "sub_Test_Number": "12 of 36",
                        "sub_Test_Description": "Test UEFI RT service set time interface, invalid minute 60.",
                        "sub_test_result": {
                            "PASSED": 0,
                            "FAILED": 0,
                            "ABORTED": 0,
                            "SKIPPED": 1,
                            "WARNINGS": 0,
                            "skip_reasons": [
                                "Test 12, Skipping test, GetTime runtime service is not supported on"
                            ]
                        }
                    },
                    {
                        "sub_Test_Number": "13 of 36",
                        "sub_Test_Description": "Test UEFI RT service set time interface, invalid second 60.",
                        "sub_test_result": {
                            "PASSED": 0,
                            "FAILED": 0,
                            "ABORTED": 0,
                            "SKIPPED": 1,
                            "WARNINGS": 0,
                            "skip_reasons": [
                                "Test 13, Skipping test, GetTime runtime service is not supported on"
                            ]
                        }
                    },
                    {
                        "sub_Test_Number": "14 of 36",
                        "sub_Test_Description": "Test UEFI RT service set time interface, invalid nanosecond",
                        "sub_test_result": {
                            "PASSED": 0,
                            "FAILED": 0,
                            "ABORTED": 0,
                            "SKIPPED": 1,
                            "WARNINGS": 0,
                            "skip_reasons": [
                                "Test 14, Skipping test, GetTime runtime service is not supported on"
                            ]
                        }
                    },
                    {
                        "sub_Test_Number": "15 of 36",
                        "sub_Test_Description": "Test UEFI RT service set time interface, invalid timezone -1441.",
                        "sub_test_result": {
                            "PASSED": 0,
                            "FAILED": 0,
                            "ABORTED": 0,
                            "SKIPPED": 1,
                            "WARNINGS": 0,
                            "skip_reasons": [
                                "Test 15, Skipping test, GetTime runtime service is not supported on"
                            ]
                        }
                    },
                    {
                        "sub_Test_Number": "16 of 36",
                        "sub_Test_Description": "Test UEFI RT service set time interface, invalid timezone 1441.",
                        "sub_test_result": {
                            "PASSED": 0,
                            "FAILED": 0,
                            "ABORTED": 0,
                            "SKIPPED": 1,
                            "WARNINGS": 0,
                            "skip_reasons": [
                                "Test 16, Skipping test, GetTime runtime service is not supported on"
                            ]
                        }
                    },
                    {
                        "sub_Test_Number": "17 of 36",
                        "sub_Test_Description": "Test UEFI RT service get wakeup time interface.",
                        "sub_test_result": {
                            "PASSED": 0,
                            "FAILED": 0,
                            "ABORTED": 0,
                            "SKIPPED": 1,
                            "WARNINGS": 0,
                            "skip_reasons": [
                                "Test 17, Skipping test, GetWakeupTime runtime service is not supported"
                            ]
                        }
                    },
                    {
                        "sub_Test_Number": "18 of 36",
                        "sub_Test_Description": "Test UEFI RT service get wakeup time interface, NULL enabled",
                        "sub_test_result": {
                            "PASSED": 0,
                            "FAILED": 0,
                            "ABORTED": 0,
                            "SKIPPED": 1,
                            "WARNINGS": 0,
                            "skip_reasons": [
                                "Test 18, Skipping test, GetWakeupTime runtime service is not supported"
                            ]
                        }
                    },
                    {
                        "sub_Test_Number": "19 of 36",
                        "sub_Test_Description": "Test UEFI RT service get wakeup time interface, NULL pending",
                        "sub_test_result": {
                            "PASSED": 0,
                            "FAILED": 0,
                            "ABORTED": 0,
                            "SKIPPED": 1,
                            "WARNINGS": 0,
                            "skip_reasons": [
                                "Test 19, Skipping test, GetWakeupTime runtime service is not supported"
                            ]
                        }
                    },
                    {
                        "sub_Test_Number": "20 of 36",
                        "sub_Test_Description": "Test UEFI RT service get wakeup time interface, NULL time",
                        "sub_test_result": {
                            "PASSED": 0,
                            "FAILED": 0,
                            "ABORTED": 0,
                            "SKIPPED": 1,
                            "WARNINGS": 0,
                            "skip_reasons": [
                                "Test 20, Skipping test, GetWakeupTime runtime service is not supported"
                            ]
                        }
                    },
                    {
                        "sub_Test_Number": "21 of 36",
                        "sub_Test_Description": "Test UEFI RT service get wakeup time interface, NULL enabled,",
                        "sub_test_result": {
                            "PASSED": 0,
                            "FAILED": 0,
                            "ABORTED": 0,
                            "SKIPPED": 1,
                            "WARNINGS": 0,
                            "skip_reasons": [
                                "Test 21, Skipping test, GetWakeupTime runtime service is not supported"
                            ]
                        }
                    },
                    {
                        "sub_Test_Number": "22 of 36",
                        "sub_Test_Description": "Test UEFI RT service set wakeup time interface.",
                        "sub_test_result": {
                            "PASSED": 0,
                            "FAILED": 0,
                            "ABORTED": 0,
                            "SKIPPED": 1,
                            "WARNINGS": 0,
                            "skip_reasons": [
                                "Test 22, Skipping test, GetTime runtime service is not supported on"
                            ]
                        }
                    },
                    {
                        "sub_Test_Number": "23 of 36",
                        "sub_Test_Description": "Test UEFI RT service set wakeup time interface, NULL time",
                        "sub_test_result": {
                            "PASSED": 0,
                            "FAILED": 0,
                            "ABORTED": 0,
                            "SKIPPED": 1,
                            "WARNINGS": 0,
                            "skip_reasons": [
                                "Test 23, Skipping test, SetWakeupTime runtime service is not supported"
                            ]
                        }
                    },
                    {
                        "sub_Test_Number": "24 of 36",
                        "sub_Test_Description": "Test UEFI RT service set wakeup time interface, invalid year",
                        "sub_test_result": {
                            "PASSED": 0,
                            "FAILED": 0,
                            "ABORTED": 0,
                            "SKIPPED": 1,
                            "WARNINGS": 0,
                            "skip_reasons": [
                                "Test 24, Skipping test, GetWakeupTime runtime service is not supported"
                            ]
                        }
                    },
                    {
                        "sub_Test_Number": "25 of 36",
                        "sub_Test_Description": "Test UEFI RT service set wakeup time interface, invalid year",
                        "sub_test_result": {
                            "PASSED": 0,
                            "FAILED": 0,
                            "ABORTED": 0,
                            "SKIPPED": 1,
                            "WARNINGS": 0,
                            "skip_reasons": [
                                "Test 25, Skipping test, GetWakeupTime runtime service is not supported"
                            ]
                        }
                    },
                    {
                        "sub_Test_Number": "26 of 36",
                        "sub_Test_Description": "Test UEFI RT service set wakeup time interface, invalid month 0.",
                        "sub_test_result": {
                            "PASSED": 0,
                            "FAILED": 0,
                            "ABORTED": 0,
                            "SKIPPED": 1,
                            "WARNINGS": 0,
                            "skip_reasons": [
                                "Test 26, Skipping test, GetWakeupTime runtime service is not supported"
                            ]
                        }
                    },
                    {
                        "sub_Test_Number": "27 of 36",
                        "sub_Test_Description": "Test UEFI RT service set wakeup time interface, invalid month 13.",
                        "sub_test_result": {
                            "PASSED": 0,
                            "FAILED": 0,
                            "ABORTED": 0,
                            "SKIPPED": 1,
                            "WARNINGS": 0,
                            "skip_reasons": [
                                "Test 27, Skipping test, GetWakeupTime runtime service is not supported"
                            ]
                        }
                    },
                    {
                        "sub_Test_Number": "28 of 36",
                        "sub_Test_Description": "Test UEFI RT service set wakeup time interface, invalid day 0.",
                        "sub_test_result": {
                            "PASSED": 0,
                            "FAILED": 0,
                            "ABORTED": 0,
                            "SKIPPED": 1,
                            "WARNINGS": 0,
                            "skip_reasons": [
                                "Test 28, Skipping test, GetWakeupTime runtime service is not supported"
                            ]
                        }
                    },
                    {
                        "sub_Test_Number": "29 of 36",
                        "sub_Test_Description": "Test UEFI RT service set wakeup time interface, invalid day 32.",
                        "sub_test_result": {
                            "PASSED": 0,
                            "FAILED": 0,
                            "ABORTED": 0,
                            "SKIPPED": 1,
                            "WARNINGS": 0,
                            "skip_reasons": [
                                "Test 29, Skipping test, GetWakeupTime runtime service is not supported"
                            ]
                        }
                    },
                    {
                        "sub_Test_Number": "30 of 36",
                        "sub_Test_Description": "Test UEFI RT service set wakeup time interface, invalid hour 24.",
                        "sub_test_result": {
                            "PASSED": 0,
                            "FAILED": 0,
                            "ABORTED": 0,
                            "SKIPPED": 1,
                            "WARNINGS": 0,
                            "skip_reasons": [
                                "Test 30, Skipping test, GetWakeupTime runtime service is not supported"
                            ]
                        }
                    },
                    {
                        "sub_Test_Number": "31 of 36",
                        "sub_Test_Description": "Test UEFI RT service set wakeup time interface, invalid minute",
                        "sub_test_result": {
                            "PASSED": 0,
                            "FAILED": 0,
                            "ABORTED": 0,
                            "SKIPPED": 1,
                            "WARNINGS": 0,
                            "skip_reasons": [
                                "Test 31, Skipping test, GetWakeupTime runtime service is not supported"
                            ]
                        }
                    },
                    {
                        "sub_Test_Number": "32 of 36",
                        "sub_Test_Description": "Test UEFI RT service set wakeup time interface, invalid second",
                        "sub_test_result": {
                            "PASSED": 0,
                            "FAILED": 0,
                            "ABORTED": 0,
                            "SKIPPED": 1,
                            "WARNINGS": 0,
                            "skip_reasons": [
                                "Test 32, Skipping test, GetWakeupTime runtime service is not supported"
                            ]
                        }
                    },
                    {
                        "sub_Test_Number": "33 of 36",
                        "sub_Test_Description": "Test UEFI RT service set wakeup time interface, invalid",
                        "sub_test_result": {
                            "PASSED": 0,
                            "FAILED": 0,
                            "ABORTED": 0,
                            "SKIPPED": 1,
                            "WARNINGS": 0,
                            "skip_reasons": [
                                "Test 33, Skipping test, GetWakeupTime runtime service is not supported"
                            ]
                        }
                    },
                    {
                        "sub_Test_Number": "34 of 36",
                        "sub_Test_Description": "Test UEFI RT service set wakeup time interface, invalid timezone",
                        "sub_test_result": {
                            "PASSED": 0,
                            "FAILED": 0,
                            "ABORTED": 0,
                            "SKIPPED": 1,
                            "WARNINGS": 0,
                            "skip_reasons": [
                                "Test 34, Skipping test, GetWakeupTime runtime service is not supported"
                            ]
                        }
                    },
                    {
                        "sub_Test_Number": "35 of 36",
                        "sub_Test_Description": "Test UEFI RT service set wakeup time interface, invalid timezone",
                        "sub_test_result": {
                            "PASSED": 0,
                            "FAILED": 0,
                            "ABORTED": 0,
                            "SKIPPED": 1,
                            "WARNINGS": 0,
                            "skip_reasons": [
                                "Test 35, Skipping test, GetWakeupTime runtime service is not supported"
                            ]
                        }
                    },
                    {
                        "sub_Test_Number": "36 of 36",
                        "sub_Test_Description": "Test UEFI RT time services unsupported status.",
                        "sub_test_result": {
                            "PASSED": 4,
                            "FAILED": 0,
                            "ABORTED": 0,
                            "SKIPPED": 0,
                            "WARNINGS": 0,
                            "pass_reasons": [
                                "Test 36, UEFI GetTime runtime service unsupported status test passed.",
                                "Test 36, UEFI SetTime runtime service unsupported status test passed.",
                                "Test 36, UEFI SetWakeupTime runtime service unsupported status test",
                                "Test 36, UEFI GetWakeupTime runtime service unsupported status test"
                            ]
                        }
                    }
                ],
                "test_suite_summary": {
                    "total_passed": 4,
                    "total_failed": 0,
                    "total_failed_with_waiver": 0,
                    "total_aborted": 0,
                    "total_skipped": 35,
                    "total_warnings": 0
                }
            }
        ],
        "suite_summary": {
            "total_passed": 15,
            "total_failed": 0,
            "total_failed_with_waiver": 0,
            "total_aborted": 0,
            "total_skipped": 52,
            "total_warnings": 1
        }
    },
    "Suite_Name: DT Kselftest": {
        "test_results": [
            {
                "Test_suite_name": "DTValidation",
                "Test_suite_description": "Validation for device tree",
                "Test_case": "dt_kselftest",
                "Test_case_description": "Device Tree kselftests",
                "subtests": [
                    {
                        "sub_Test_Number": "1",
                        "sub_Test_Description": "/cam_dummy_reg",
                        "sub_test_result": {
                            "PASSED": 1,
                            "FAILED": 0,
                            "FAILED_WITH_WAIVER": 0,
                            "ABORTED": 0,
                            "SKIPPED": 0,
                            "WARNINGS": 0,
                            "waiver_reason": ""
                        }
                    },
                    {
                        "sub_Test_Number": "2",
                        "sub_Test_Description": "/clk-108M",
                        "sub_test_result": {
                            "PASSED": 0,
                            "FAILED": 0,
                            "FAILED_WITH_WAIVER": 0,
                            "ABORTED": 0,
                            "SKIPPED": 1,
                            "WARNINGS": 0,
                            "waiver_reason": ""
                        }
                    },
                    {
                        "sub_Test_Number": "3",
                        "sub_Test_Description": "/clk-27M",
                        "sub_test_result": {
                            "PASSED": 0,
                            "FAILED": 0,
                            "FAILED_WITH_WAIVER": 0,
                            "ABORTED": 0,
                            "SKIPPED": 1,
                            "WARNINGS": 0,
                            "waiver_reason": ""
                        }
                    },
                    {
                        "sub_Test_Number": "4",
                        "sub_Test_Description": "/clocks",
                        "sub_test_result": {
                            "PASSED": 1,
                            "FAILED": 0,
                            "FAILED_WITH_WAIVER": 0,
                            "ABORTED": 0,
                            "SKIPPED": 0,
                            "WARNINGS": 0,
                            "waiver_reason": ""
                        }
                    },
                    {
                        "sub_Test_Number": "5",
                        "sub_Test_Description": "/clocks/clk-osc",
                        "sub_test_result": {
                            "PASSED": 0,
                            "FAILED": 0,
                            "FAILED_WITH_WAIVER": 0,
                            "ABORTED": 0,
                            "SKIPPED": 1,
                            "WARNINGS": 0,
                            "waiver_reason": ""
                        }
                    },
                    {
                        "sub_Test_Number": "6",
                        "sub_Test_Description": "/clocks/clk-usb",
                        "sub_test_result": {
                            "PASSED": 0,
                            "FAILED": 0,
                            "FAILED_WITH_WAIVER": 0,
                            "ABORTED": 0,
                            "SKIPPED": 1,
                            "WARNINGS": 0,
                            "waiver_reason": ""
                        }
                    },
                    {
                        "sub_Test_Number": "7",
                        "sub_Test_Description": "/cpus/cpu@0",
                        "sub_test_result": {
                            "PASSED": 0,
                            "FAILED": 0,
                            "FAILED_WITH_WAIVER": 0,
                            "ABORTED": 0,
                            "SKIPPED": 1,
                            "WARNINGS": 0,
                            "waiver_reason": ""
                        }
                    },
                    {
                        "sub_Test_Number": "8",
                        "sub_Test_Description": "/cpus/cpu@1",
                        "sub_test_result": {
                            "PASSED": 0,
                            "FAILED": 0,
                            "FAILED_WITH_WAIVER": 0,
                            "ABORTED": 0,
                            "SKIPPED": 1,
                            "WARNINGS": 0,
                            "waiver_reason": ""
                        }
                    },
                    {
                        "sub_Test_Number": "9",
                        "sub_Test_Description": "/cpus/cpu@2",
                        "sub_test_result": {
                            "PASSED": 0,
                            "FAILED": 0,
                            "FAILED_WITH_WAIVER": 0,
                            "ABORTED": 0,
                            "SKIPPED": 1,
                            "WARNINGS": 0,
                            "waiver_reason": ""
                        }
                    },
                    {
                        "sub_Test_Number": "10",
                        "sub_Test_Description": "/cpus/cpu@3",
                        "sub_test_result": {
                            "PASSED": 0,
                            "FAILED": 0,
                            "FAILED_WITH_WAIVER": 0,
                            "ABORTED": 0,
                            "SKIPPED": 1,
                            "WARNINGS": 0,
                            "waiver_reason": ""
                        }
                    },
                    {
                        "sub_Test_Number": "11",
                        "sub_Test_Description": "/cpus/l2-cache0",
                        "sub_test_result": {
                            "PASSED": 0,
                            "FAILED": 0,
                            "FAILED_WITH_WAIVER": 0,
                            "ABORTED": 0,
                            "SKIPPED": 1,
                            "WARNINGS": 0,
                            "waiver_reason": ""
                        }
                    },
                    {
                        "sub_Test_Number": "12",
                        "sub_Test_Description": "/emmc2bus",
                        "sub_test_result": {
                            "PASSED": 1,
                            "FAILED": 0,
                            "FAILED_WITH_WAIVER": 0,
                            "ABORTED": 0,
                            "SKIPPED": 0,
                            "WARNINGS": 0,
                            "waiver_reason": ""
                        }
                    },
                    {
                        "sub_Test_Number": "13",
                        "sub_Test_Description": "/emmc2bus/mmc@7e340000",
                        "sub_test_result": {
                            "PASSED": 1,
                            "FAILED": 0,
                            "FAILED_WITH_WAIVER": 0,
                            "ABORTED": 0,
                            "SKIPPED": 0,
                            "WARNINGS": 0,
                            "waiver_reason": ""
                        }
                    },
                    {
                        "sub_Test_Number": "14",
                        "sub_Test_Description": "/fixedregulator_3v3",
                        "sub_test_result": {
                            "PASSED": 1,
                            "FAILED": 0,
                            "FAILED_WITH_WAIVER": 0,
                            "ABORTED": 0,
                            "SKIPPED": 0,
                            "WARNINGS": 0,
                            "waiver_reason": ""
                        }
                    },
                    {
                        "sub_Test_Number": "15",
                        "sub_Test_Description": "/fixedregulator_5v0",
                        "sub_test_result": {
                            "PASSED": 1,
                            "FAILED": 0,
                            "FAILED_WITH_WAIVER": 0,
                            "ABORTED": 0,
                            "SKIPPED": 0,
                            "WARNINGS": 0,
                            "waiver_reason": ""
                        }
                    },
                    {
                        "sub_Test_Number": "16",
                        "sub_Test_Description": "/framebuffer@3e513000",
                        "sub_test_result": {
                            "PASSED": 0,
                            "FAILED": 1,
                            "FAILED_WITH_WAIVER": 0,
                            "ABORTED": 0,
                            "SKIPPED": 0,
                            "WARNINGS": 0,
                            "waiver_reason": ""
                        }
                    },
                    {
                        "sub_Test_Number": "17",
                        "sub_Test_Description": "/leds",
                        "sub_test_result": {
                            "PASSED": 1,
                            "FAILED": 0,
                            "FAILED_WITH_WAIVER": 0,
                            "ABORTED": 0,
                            "SKIPPED": 0,
                            "WARNINGS": 0,
                            "waiver_reason": ""
                        }
                    },
                    {
                        "sub_Test_Number": "18",
                        "sub_Test_Description": "/phy",
                        "sub_test_result": {
                            "PASSED": 1,
                            "FAILED": 0,
                            "FAILED_WITH_WAIVER": 0,
                            "ABORTED": 0,
                            "SKIPPED": 0,
                            "WARNINGS": 0,
                            "waiver_reason": ""
                        }
                    },
                    {
                        "sub_Test_Number": "19",
                        "sub_Test_Description": "/psci",
                        "sub_test_result": {
                            "PASSED": 1,
                            "FAILED": 0,
                            "FAILED_WITH_WAIVER": 0,
                            "ABORTED": 0,
                            "SKIPPED": 0,
                            "WARNINGS": 0,
                            "waiver_reason": ""
                        }
                    },
                    {
                        "sub_Test_Number": "20",
                        "sub_Test_Description": "/regulator-sd-io-1v8",
                        "sub_test_result": {
                            "PASSED": 1,
                            "FAILED": 0,
                            "FAILED_WITH_WAIVER": 0,
                            "ABORTED": 0,
                            "SKIPPED": 0,
                            "WARNINGS": 0,
                            "waiver_reason": ""
                        }
                    },
                    {
                        "sub_Test_Number": "21",
                        "sub_Test_Description": "/regulator-sd-vcc",
                        "sub_test_result": {
                            "PASSED": 1,
                            "FAILED": 0,
                            "FAILED_WITH_WAIVER": 0,
                            "ABORTED": 0,
                            "SKIPPED": 0,
                            "WARNINGS": 0,
                            "waiver_reason": ""
                        }
                    },
                    {
                        "sub_Test_Number": "22",
                        "sub_Test_Description": "/reserved-memory/linux,cma",
                        "sub_test_result": {
                            "PASSED": 0,
                            "FAILED": 0,
                            "FAILED_WITH_WAIVER": 0,
                            "ABORTED": 0,
                            "SKIPPED": 1,
                            "WARNINGS": 0,
                            "waiver_reason": ""
                        }
                    },
                    {
                        "sub_Test_Number": "23",
                        "sub_Test_Description": "/reserved-memory/nvram@0",
                        "sub_test_result": {
                            "PASSED": 1,
                            "FAILED": 0,
                            "FAILED_WITH_WAIVER": 0,
                            "ABORTED": 0,
                            "SKIPPED": 0,
                            "WARNINGS": 0,
                            "waiver_reason": ""
                        }
                    },
                    {
                        "sub_Test_Number": "24",
                        "sub_Test_Description": "/reserved-memory/nvram@1",
                        "sub_test_result": {
                            "PASSED": 1,
                            "FAILED": 0,
                            "FAILED_WITH_WAIVER": 0,
                            "ABORTED": 0,
                            "SKIPPED": 0,
                            "WARNINGS": 0,
                            "waiver_reason": ""
                        }
                    },
                    {
                        "sub_Test_Number": "25",
                        "sub_Test_Description": "/scb",
                        "sub_test_result": {
                            "PASSED": 1,
                            "FAILED": 0,
                            "FAILED_WITH_WAIVER": 0,
                            "ABORTED": 0,
                            "SKIPPED": 0,
                            "WARNINGS": 0,
                            "waiver_reason": ""
                        }
                    },
                    {
                        "sub_Test_Number": "26",
                        "sub_Test_Description": "/scb/codec@7eb10000",
                        "sub_test_result": {
                            "PASSED": 0,
                            "FAILED": 0,
                            "FAILED_WITH_WAIVER": 0,
                            "ABORTED": 0,
                            "SKIPPED": 1,
                            "WARNINGS": 0,
                            "waiver_reason": ""
                        }
                    },
                    {
                        "sub_Test_Number": "27",
                        "sub_Test_Description": "/scb/dma@7e007b00",
                        "sub_test_result": {
                            "PASSED": 0,
                            "FAILED": 0,
                            "FAILED_WITH_WAIVER": 0,
                            "ABORTED": 0,
                            "SKIPPED": 1,
                            "WARNINGS": 0,
                            "waiver_reason": ""
                        }
                    },
                    {
                        "sub_Test_Number": "28",
                        "sub_Test_Description": "/scb/ethernet@7d580000",
                        "sub_test_result": {
                            "PASSED": 1,
                            "FAILED": 0,
                            "FAILED_WITH_WAIVER": 0,
                            "ABORTED": 0,
                            "SKIPPED": 0,
                            "WARNINGS": 0,
                            "waiver_reason": ""
                        }
                    },
                    {
                        "sub_Test_Number": "29",
                        "sub_Test_Description": "/scb/ethernet@7d580000/mdio@e14",
                        "sub_test_result": {
                            "PASSED": 1,
                            "FAILED": 0,
                            "FAILED_WITH_WAIVER": 0,
                            "ABORTED": 0,
                            "SKIPPED": 0,
                            "WARNINGS": 0,
                            "waiver_reason": ""
                        }
                    },
                    {
                        "sub_Test_Number": "30",
                        "sub_Test_Description": "/scb/pcie@7d500000",
                        "sub_test_result": {
                            "PASSED": 1,
                            "FAILED": 0,
                            "FAILED_WITH_WAIVER": 0,
                            "ABORTED": 0,
                            "SKIPPED": 0,
                            "WARNINGS": 0,
                            "waiver_reason": ""
                        }
                    },
                    {
                        "sub_Test_Number": "31",
                        "sub_Test_Description": "/soc",
                        "sub_test_result": {
                            "PASSED": 1,
                            "FAILED": 0,
                            "FAILED_WITH_WAIVER": 0,
                            "ABORTED": 0,
                            "SKIPPED": 0,
                            "WARNINGS": 0,
                            "waiver_reason": ""
                        }
                    },
                    {
                        "sub_Test_Number": "32",
                        "sub_Test_Description": "/soc/aux@7e215000",
                        "sub_test_result": {
                            "PASSED": 1,
                            "FAILED": 0,
                            "FAILED_WITH_WAIVER": 0,
                            "ABORTED": 0,
                            "SKIPPED": 0,
                            "WARNINGS": 0,
                            "waiver_reason": ""
                        }
                    },
                    {
                        "sub_Test_Number": "33",
                        "sub_Test_Description": "/soc/avs-monitor@7d5d2000",
                        "sub_test_result": {
                            "PASSED": 0,
                            "FAILED": 0,
                            "FAILED_WITH_WAIVER": 0,
                            "ABORTED": 0,
                            "SKIPPED": 1,
                            "WARNINGS": 0,
                            "waiver_reason": ""
                        }
                    },
                    {
                        "sub_Test_Number": "34",
                        "sub_Test_Description": "/soc/avs-monitor@7d5d2000/thermal",
                        "sub_test_result": {
                            "PASSED": 1,
                            "FAILED": 0,
                            "FAILED_WITH_WAIVER": 0,
                            "ABORTED": 0,
                            "SKIPPED": 0,
                            "WARNINGS": 0,
                            "waiver_reason": ""
                        }
                    },
                    {
                        "sub_Test_Number": "35",
                        "sub_Test_Description": "/soc/cprman@7e101000",
                        "sub_test_result": {
                            "PASSED": 1,
                            "FAILED": 0,
                            "FAILED_WITH_WAIVER": 0,
                            "ABORTED": 0,
                            "SKIPPED": 0,
                            "WARNINGS": 0,
                            "waiver_reason": ""
                        }
                    },
                    {
                        "sub_Test_Number": "36",
                        "sub_Test_Description": "/soc/dma-controller@7e007000",
                        "sub_test_result": {
                            "PASSED": 1,
                            "FAILED": 0,
                            "FAILED_WITH_WAIVER": 0,
                            "ABORTED": 0,
                            "SKIPPED": 0,
                            "WARNINGS": 0,
                            "waiver_reason": ""
                        }
                    },
                    {
                        "sub_Test_Number": "37",
                        "sub_Test_Description": "/soc/fb",
                        "sub_test_result": {
                            "PASSED": 0,
                            "FAILED": 0,
                            "FAILED_WITH_WAIVER": 0,
                            "ABORTED": 0,
                            "SKIPPED": 1,
                            "WARNINGS": 0,
                            "waiver_reason": ""
                        }
                    },
                    {
                        "sub_Test_Number": "38",
                        "sub_Test_Description": "/soc/firmware",
                        "sub_test_result": {
                            "PASSED": 1,
                            "FAILED": 0,
                            "FAILED_WITH_WAIVER": 0,
                            "ABORTED": 0,
                            "SKIPPED": 0,
                            "WARNINGS": 0,
                            "waiver_reason": ""
                        }
                    },
                    {
                        "sub_Test_Number": "39",
                        "sub_Test_Description": "/soc/firmware/clocks",
                        "sub_test_result": {
                            "PASSED": 1,
                            "FAILED": 0,
                            "FAILED_WITH_WAIVER": 0,
                            "ABORTED": 0,
                            "SKIPPED": 0,
                            "WARNINGS": 0,
                            "waiver_reason": ""
                        }
                    },
                    {
                        "sub_Test_Number": "40",
                        "sub_Test_Description": "/soc/firmware/gpio",
                        "sub_test_result": {
                            "PASSED": 1,
                            "FAILED": 0,
                            "FAILED_WITH_WAIVER": 0,
                            "ABORTED": 0,
                            "SKIPPED": 0,
                            "WARNINGS": 0,
                            "waiver_reason": ""
                        }
                    },
                    {
                        "sub_Test_Number": "41",
                        "sub_Test_Description": "/soc/firmware/reset",
                        "sub_test_result": {
                            "PASSED": 1,
                            "FAILED": 0,
                            "FAILED_WITH_WAIVER": 0,
                            "ABORTED": 0,
                            "SKIPPED": 0,
                            "WARNINGS": 0,
                            "waiver_reason": ""
                        }
                    },
                    {
                        "sub_Test_Number": "42",
                        "sub_Test_Description": "/soc/firmware/vcio",
                        "sub_test_result": {
                            "PASSED": 0,
                            "FAILED": 0,
                            "FAILED_WITH_WAIVER": 0,
                            "ABORTED": 0,
                            "SKIPPED": 1,
                            "WARNINGS": 0,
                            "waiver_reason": ""
                        }
                    },
                    {
                        "sub_Test_Number": "43",
                        "sub_Test_Description": "/soc/gpio@7e200000",
                        "sub_test_result": {
                            "PASSED": 1,
                            "FAILED": 0,
                            "FAILED_WITH_WAIVER": 0,
                            "ABORTED": 0,
                            "SKIPPED": 0,
                            "WARNINGS": 0,
                            "waiver_reason": ""
                        }
                    },
                    {
                        "sub_Test_Number": "44",
                        "sub_Test_Description": "/soc/gpiomem",
                        "sub_test_result": {
                            "PASSED": 0,
                            "FAILED": 0,
                            "FAILED_WITH_WAIVER": 0,
                            "ABORTED": 0,
                            "SKIPPED": 1,
                            "WARNINGS": 0,
                            "waiver_reason": ""
                        }
                    },
                    {
                        "sub_Test_Number": "45",
                        "sub_Test_Description": "/soc/interrupt-controller@40000000",
                        "sub_test_result": {
                            "PASSED": 0,
                            "FAILED": 0,
                            "FAILED_WITH_WAIVER": 0,
                            "ABORTED": 0,
                            "SKIPPED": 1,
                            "WARNINGS": 0,
                            "waiver_reason": ""
                        }
                    },
                    {
                        "sub_Test_Number": "46",
                        "sub_Test_Description": "/soc/interrupt-controller@40041000",
                        "sub_test_result": {
                            "PASSED": 0,
                            "FAILED": 0,
                            "FAILED_WITH_WAIVER": 0,
                            "ABORTED": 0,
                            "SKIPPED": 1,
                            "WARNINGS": 0,
                            "waiver_reason": ""
                        }
                    },
                    {
                        "sub_Test_Number": "47",
                        "sub_Test_Description": "/soc/mailbox@7e00b840",
                        "sub_test_result": {
                            "PASSED": 0,
                            "FAILED": 0,
                            "FAILED_WITH_WAIVER": 0,
                            "ABORTED": 0,
                            "SKIPPED": 1,
                            "WARNINGS": 0,
                            "waiver_reason": ""
                        }
                    },
                    {
                        "sub_Test_Number": "48",
                        "sub_Test_Description": "/soc/mailbox@7e00b880",
                        "sub_test_result": {
                            "PASSED": 1,
                            "FAILED": 0,
                            "FAILED_WITH_WAIVER": 0,
                            "ABORTED": 0,
                            "SKIPPED": 0,
                            "WARNINGS": 0,
                            "waiver_reason": ""
                        }
                    },
                    {
                        "sub_Test_Number": "49",
                        "sub_Test_Description": "/soc/mmcnr@7e300000",
                        "sub_test_result": {
                            "PASSED": 1,
                            "FAILED": 0,
                            "FAILED_WITH_WAIVER": 0,
                            "ABORTED": 0,
                            "SKIPPED": 0,
                            "WARNINGS": 0,
                            "waiver_reason": ""
                        }
                    },
                    {
                        "sub_Test_Number": "50",
                        "sub_Test_Description": "/soc/nvmem",
                        "sub_test_result": {
                            "PASSED": 1,
                            "FAILED": 0,
                            "FAILED_WITH_WAIVER": 0,
                            "ABORTED": 0,
                            "SKIPPED": 0,
                            "WARNINGS": 0,
                            "waiver_reason": ""
                        }
                    },
                    {
                        "sub_Test_Number": "51",
                        "sub_Test_Description": "/soc/nvmem/nvmem_cust",
                        "sub_test_result": {
                            "PASSED": 0,
                            "FAILED": 0,
                            "FAILED_WITH_WAIVER": 0,
                            "ABORTED": 0,
                            "SKIPPED": 1,
                            "WARNINGS": 0,
                            "waiver_reason": ""
                        }
                    },
                    {
                        "sub_Test_Number": "52",
                        "sub_Test_Description": "/soc/nvmem/nvmem_otp",
                        "sub_test_result": {
                            "PASSED": 0,
                            "FAILED": 0,
                            "FAILED_WITH_WAIVER": 0,
                            "ABORTED": 0,
                            "SKIPPED": 1,
                            "WARNINGS": 0,
                            "waiver_reason": ""
                        }
                    },
                    {
                        "sub_Test_Number": "53",
                        "sub_Test_Description": "/soc/nvmem/nvmem_priv",
                        "sub_test_result": {
                            "PASSED": 0,
                            "FAILED": 0,
                            "FAILED_WITH_WAIVER": 0,
                            "ABORTED": 0,
                            "SKIPPED": 1,
                            "WARNINGS": 0,
                            "waiver_reason": ""
                        }
                    },
                    {
                        "sub_Test_Number": "54",
                        "sub_Test_Description": "/soc/power",
                        "sub_test_result": {
                            "PASSED": 1,
                            "FAILED": 0,
                            "FAILED_WITH_WAIVER": 0,
                            "ABORTED": 0,
                            "SKIPPED": 0,
                            "WARNINGS": 0,
                            "waiver_reason": ""
                        }
                    },
                    {
                        "sub_Test_Number": "55",
                        "sub_Test_Description": "/soc/rng@7e104000",
                        "sub_test_result": {
                            "PASSED": 1,
                            "FAILED": 0,
                            "FAILED_WITH_WAIVER": 0,
                            "ABORTED": 0,
                            "SKIPPED": 0,
                            "WARNINGS": 0,
                            "waiver_reason": ""
                        }
                    },
                    {
                        "sub_Test_Number": "56",
                        "sub_Test_Description": "/soc/serial@7e201000",
                        "sub_test_result": {
                            "PASSED": 1,
                            "FAILED": 0,
                            "FAILED_WITH_WAIVER": 0,
                            "ABORTED": 0,
                            "SKIPPED": 0,
                            "WARNINGS": 0,
                            "waiver_reason": ""
                        }
                    },
                    {
                        "sub_Test_Number": "57",
                        "sub_Test_Description": "/soc/serial@7e201000/bluetooth",
                        "sub_test_result": {
                            "PASSED": 1,
                            "FAILED": 0,
                            "FAILED_WITH_WAIVER": 0,
                            "ABORTED": 0,
                            "SKIPPED": 0,
                            "WARNINGS": 0,
                            "waiver_reason": ""
                        }
                    },
                    {
                        "sub_Test_Number": "58",
                        "sub_Test_Description": "/soc/serial@7e215040",
                        "sub_test_result": {
                            "PASSED": 1,
                            "FAILED": 0,
                            "FAILED_WITH_WAIVER": 0,
                            "ABORTED": 0,
                            "SKIPPED": 0,
                            "WARNINGS": 0,
                            "waiver_reason": ""
                        }
                    },
                    {
                        "sub_Test_Number": "59",
                        "sub_Test_Description": "/soc/watchdog@7e100000",
                        "sub_test_result": {
                            "PASSED": 1,
                            "FAILED": 0,
                            "FAILED_WITH_WAIVER": 0,
                            "ABORTED": 0,
                            "SKIPPED": 0,
                            "WARNINGS": 0,
                            "waiver_reason": ""
                        }
                    },
                    {
                        "sub_Test_Number": "60",
                        "sub_Test_Description": "/timer",
                        "sub_test_result": {
                            "PASSED": 0,
                            "FAILED": 0,
                            "FAILED_WITH_WAIVER": 0,
                            "ABORTED": 0,
                            "SKIPPED": 1,
                            "WARNINGS": 0,
                            "waiver_reason": ""
                        }
                    },
                    {
                        "sub_Test_Number": "61",
                        "sub_Test_Description": "/v3dbus",
                        "sub_test_result": {
                            "PASSED": 1,
                            "FAILED": 0,
                            "FAILED_WITH_WAIVER": 0,
                            "ABORTED": 0,
                            "SKIPPED": 0,
                            "WARNINGS": 0,
                            "waiver_reason": ""
                        }
                    }
                ],
                "test_suite_summary": {
                    "total_PASSED": 37,
                    "total_FAILED": 1,
                    "total_SKIPPED": 23,
                    "total_ABORTED": 0,
                    "total_WARNINGS": 0
                }
            }
        ],
        "suite_summary": {
            "total_PASSED": 37,
            "total_FAILED": 1,
            "total_SKIPPED": 23,
            "total_ABORTED": 0,
            "total_WARNINGS": 0
        }
    },
    "Suite_Name: DT Validate": {
        "test_results": [
            {
                "Test_suite_name": "DTValidation",
                "Test_suite_description": "Validation for device tree",
                "Test_case": "dt_validate",
                "Test_case_description": "Device Tree Validation",
                "subtests": [],
                "test_suite_summary": {
                    "total_PASSED": 0,
                    "total_FAILED": 0,
                    "total_SKIPPED": 0,
                    "total_ABORTED": 0,
                    "total_WARNINGS": 0
                }
            }
        ],
        "suite_summary": {
            "total_PASSED": 0,
            "total_FAILED": 0,
            "total_SKIPPED": 0,
            "total_ABORTED": 0,
            "total_WARNINGS": 0
        }
    },
    "Suite_Name: Ethtool Test": {
        "test_results": [
            {
                "Test_suite_name": "Network",
                "Test_suite_description": "Network validation",
                "Test_case": "ethtool_test",
                "Test_case_description": "Ethernet Tool Tests",
                "subtests": [
                    {
                        "sub_Test_Number": "1",
                        "sub_Test_Description": "Detection of Ethernet Interfaces: end0",
                        "sub_test_result": {
                            "PASSED": 1,
                            "FAILED": 0,
                            "FAILED_WITH_WAIVER": 0,
                            "ABORTED": 0,
                            "SKIPPED": 0,
                            "WARNINGS": 0,
                            "waiver_reason": ""
                        }
                    },
                    {
                        "sub_Test_Number": "2",
                        "sub_Test_Description": "Bringing down all Ethernet interfaces",
                        "sub_test_result": {
                            "PASSED": 1,
                            "FAILED": 0,
                            "FAILED_WITH_WAIVER": 0,
                            "ABORTED": 0,
                            "SKIPPED": 0,
                            "WARNINGS": 0,
                            "waiver_reason": ""
                        }
                    },
                    {
                        "sub_Test_Number": "3",
                        "sub_Test_Description": "Bring up interface end0",
                        "sub_test_result": {
                            "PASSED": 1,
                            "FAILED": 0,
                            "FAILED_WITH_WAIVER": 0,
                            "ABORTED": 0,
                            "SKIPPED": 0,
                            "WARNINGS": 0,
                            "waiver_reason": ""
                        }
                    },
                    {
                        "sub_Test_Number": "4",
                        "sub_Test_Description": "Link not detected on end0",
                        "sub_test_result": {
                            "PASSED": 0,
                            "FAILED": 1,
                            "FAILED_WITH_WAIVER": 0,
                            "ABORTED": 0,
                            "SKIPPED": 0,
                            "WARNINGS": 0,
                            "waiver_reason": ""
                        }
                    },
                    {
                        "sub_Test_Number": "5",
                        "sub_Test_Description": "Self-test on end0 (Result not found)",
                        "sub_test_result": {
                            "PASSED": 0,
                            "FAILED": 1,
                            "FAILED_WITH_WAIVER": 0,
                            "ABORTED": 0,
                            "SKIPPED": 0,
                            "WARNINGS": 0,
                            "waiver_reason": ""
                        }
                    },
                    {
                        "sub_Test_Number": "6",
                        "sub_Test_Description": "Ping to router/gateway on end0",
                        "sub_test_result": {
                            "PASSED": 0,
                            "FAILED": 0,
                            "FAILED_WITH_WAIVER": 0,
                            "ABORTED": 0,
                            "SKIPPED": 1,
                            "WARNINGS": 0,
                            "waiver_reason": ""
                        }
                    },
                    {
                        "sub_Test_Number": "7",
                        "sub_Test_Description": "Ping to www.arm.com on end0",
                        "sub_test_result": {
                            "PASSED": 0,
                            "FAILED": 0,
                            "FAILED_WITH_WAIVER": 0,
                            "ABORTED": 0,
                            "SKIPPED": 1,
                            "WARNINGS": 0,
                            "waiver_reason": ""
                        }
                    }
                ],
                "test_suite_summary": {
                    "total_PASSED": 3,
                    "total_FAILED": 2,
                    "total_SKIPPED": 2,
                    "total_ABORTED": 0,
                    "total_WARNINGS": 0
                }
            }
        ],
        "suite_summary": {
            "total_PASSED": 3,
            "total_FAILED": 2,
            "total_SKIPPED": 2,
            "total_ABORTED": 0,
            "total_WARNINGS": 0
        }
    },
    "Suite_Name: Read Write Check Block Devices": {
        "test_results": [
            {
                "Test_suite_name": "Boot sources",
                "Test_suite_description": "Checks for boot sources",
                "Test_case": "read_write_check_blk_devices",
                "Test_case_description": "Read/Write Check on Block Devices",
                "subtests": [
                    {
                        "sub_Test_Number": "1",
                        "sub_Test_Description": "Read check on Partition /dev/sda1",
                        "sub_test_result": {
                            "PASSED": 1,
                            "FAILED": 0,
                            "FAILED_WITH_WAIVER": 0,
                            "ABORTED": 0,
                            "SKIPPED": 0,
                            "WARNINGS": 0,
                            "pass_reasons": [
                                "INFO: Block read on /dev/sda1 part_guid = EBD0A0A2-B9E5-4433-87C0-68B6B72699C7 successful"
                            ],
                            "waiver_reason": ""
                        }
                    },
                    {
                        "sub_Test_Number": "2",
                        "sub_Test_Description": "Write check on Partition /dev/sda1",
                        "sub_test_result": {
                            "PASSED": 0,
                            "FAILED": 0,
                            "FAILED_WITH_WAIVER": 0,
                            "ABORTED": 0,
                            "SKIPPED": 1,
                            "WARNINGS": 0,
                            "skip_reasons": [
                                "INFO: /dev/sda1 is mounted, skipping write test."
                            ],
                            "waiver_reason": ""
                        }
                    },
                    {
                        "sub_Test_Number": "3",
                        "sub_Test_Description": "Read check on Partition /dev/sda2",
                        "sub_test_result": {
                            "PASSED": 1,
                            "FAILED": 0,
                            "FAILED_WITH_WAIVER": 0,
                            "ABORTED": 0,
                            "SKIPPED": 0,
                            "WARNINGS": 0,
                            "pass_reasons": [
                                "INFO: Block read on /dev/sda2 part_guid = 0FC63DAF-8483-4772-8E79-3D69D8477DE4 successful"
                            ],
                            "waiver_reason": ""
                        }
                    },
                    {
                        "sub_Test_Number": "4",
                        "sub_Test_Description": "Write check on Partition /dev/sda2",
                        "sub_test_result": {
                            "PASSED": 0,
                            "FAILED": 0,
                            "FAILED_WITH_WAIVER": 0,
                            "ABORTED": 0,
                            "SKIPPED": 1,
                            "WARNINGS": 0,
                            "skip_reasons": [
                                "INFO: /dev/sda2 is mounted, skipping write test."
                            ],
                            "waiver_reason": ""
                        }
                    },
                    {
                        "sub_Test_Number": "5",
                        "sub_Test_Description": "Read check on Partition /dev/mmcblk0p1",
                        "sub_test_result": {
                            "PASSED": 1,
                            "FAILED": 0,
                            "FAILED_WITH_WAIVER": 0,
                            "ABORTED": 0,
                            "SKIPPED": 0,
                            "WARNINGS": 0,
                            "pass_reasons": [
                                "INFO: Block read on /dev/mmcblk0p1 mbr_part_id = 0xC successful"
                            ],
                            "waiver_reason": ""
                        }
                    },
                    {
                        "sub_Test_Number": "6",
                        "sub_Test_Description": "Write check on Partition /dev/mmcblk0p1",
                        "sub_test_result": {
                            "PASSED": 0,
                            "FAILED": 1,
                            "FAILED_WITH_WAIVER": 0,
                            "ABORTED": 0,
                            "SKIPPED": 0,
                            "WARNINGS": 0,
                            "fail_reasons": [
                                "No explicit write-check result found"
                            ],
                            "waiver_reason": ""
                        }
                    },
                    {
                        "sub_Test_Number": "7",
                        "sub_Test_Description": "Read check on Partition /dev/mmcblk0p2",
                        "sub_test_result": {
                            "PASSED": 1,
                            "FAILED": 0,
                            "FAILED_WITH_WAIVER": 0,
                            "ABORTED": 0,
                            "SKIPPED": 0,
                            "WARNINGS": 0,
                            "pass_reasons": [
                                "INFO: Block read on /dev/mmcblk0p2 mbr_part_id = 0x83 successful"
                            ],
                            "waiver_reason": ""
                        }
                    },
                    {
                        "sub_Test_Number": "8",
                        "sub_Test_Description": "Write check on Partition /dev/mmcblk0p2",
                        "sub_test_result": {
                            "PASSED": 0,
                            "FAILED": 1,
                            "FAILED_WITH_WAIVER": 0,
                            "ABORTED": 0,
                            "SKIPPED": 0,
                            "WARNINGS": 0,
                            "fail_reasons": [
                                "No explicit write-check result found"
                            ],
                            "waiver_reason": ""
                        }
                    }
                ],
                "test_suite_summary": {
                    "total_PASSED": 4,
                    "total_FAILED": 2,
                    "total_SKIPPED": 2,
                    "total_ABORTED": 0,
                    "total_WARNINGS": 0
                }
            }
        ],
        "suite_summary": {
            "total_PASSED": 4,
            "total_FAILED": 2,
            "total_SKIPPED": 2,
            "total_ABORTED": 0,
            "total_WARNINGS": 0
        }
    },
    "Suite_Name: PSCI": {
        "test_results": [
            {
                "Test_suite_name": "PSCI",
                "Test_suite_description": "PSCI version check",
                "Test_case": "psci_check",
                "Test_case_description": "PSCI compliance",
                "subtests": [
                    {
                        "sub_Test_Number": "1",
                        "sub_Test_Description": "PSCI version checker(1.0 or above)",
                        "sub_test_result": {
                            "PASSED": 1,
                            "FAILED": 0,
                            "FAILED_WITH_WAIVER": 0,
                            "ABORTED": 0,
                            "SKIPPED": 0,
                            "WARNINGS": 0,
                            "pass_reasons": [
                                "PSCI version 1.1 >= 1.0"
                            ],
                            "waiver_reason": ""
                        }
                    }
                ],
                "test_suite_summary": {
                    "total_PASSED": 1,
                    "total_FAILED": 0,
                    "total_SKIPPED": 0,
                    "total_ABORTED": 0,
                    "total_WARNINGS": 0
                }
            }
        ],
        "suite_summary": {
            "total_PASSED": 1,
            "total_FAILED": 0,
            "total_SKIPPED": 0,
            "total_ABORTED": 0,
            "total_WARNINGS": 0
        }
    }
}