{
    "test_results": [
        {
            "Test_suite": "uefirtauthvar",
            "Test_suite_Description": "Authenticated variable tests.",
            "subtests": [
                {
                    "sub_Test_Number": "1 of 11",
                    "sub_Test_Description": "Create authenticated variable test.",
                    "sub_test_result": {
                        "PASSED": 0,
                        "FAILED": 1,
                        "ABORTED": 0,
                        "SKIPPED": 0,
                        "WARNINGS": 0
                    }
                },
                {
                    "sub_Test_Number": "2 of 11",
                    "sub_Test_Description": "Authenticated variable test with the same authenticated variable.",
                    "sub_test_result": {
                        "PASSED": 0,
                        "FAILED": 0,
                        "ABORTED": 0,
                        "SKIPPED": 1,
                        "WARNINGS": 0,
                        "skip_reasons": [
                            "Test 2, The test variable, AuthVarCreate, doesn't exist, skip the test."
                        ]
                    }
                },
                {
                    "sub_Test_Number": "3 of 11",
                    "sub_Test_Description": "Authenticated variable test with another valid authenticated",
                    "sub_test_result": {
                        "PASSED": 0,
                        "FAILED": 0,
                        "ABORTED": 0,
                        "SKIPPED": 1,
                        "WARNINGS": 0,
                        "skip_reasons": [
                            "Test 3, The test variable, AuthVarCreate, doesn't exist, skip the test."
                        ]
                    }
                },
                {
                    "sub_Test_Number": "4 of 11",
                    "sub_Test_Description": "Append authenticated variable test.",
                    "sub_test_result": {
                        "PASSED": 0,
                        "FAILED": 0,
                        "ABORTED": 0,
                        "SKIPPED": 1,
                        "WARNINGS": 0,
                        "skip_reasons": [
                            "Test 4, The test variable, AuthVarCreate, doesn't exist, skip the test."
                        ]
                    }
                },
                {
                    "sub_Test_Number": "5 of 11",
                    "sub_Test_Description": "Update authenticated variable test.",
                    "sub_test_result": {
                        "PASSED": 0,
                        "FAILED": 0,
                        "ABORTED": 0,
                        "SKIPPED": 1,
                        "WARNINGS": 0,
                        "skip_reasons": [
                            "Test 5, The test data, AuthVarAppend, doesn't exist, skip the test."
                        ]
                    }
                },
                {
                    "sub_Test_Number": "6 of 11",
                    "sub_Test_Description": "Authenticated variable test with old authenticated variable.",
                    "sub_test_result": {
                        "PASSED": 0,
                        "FAILED": 0,
                        "ABORTED": 0,
                        "SKIPPED": 1,
                        "WARNINGS": 0,
                        "skip_reasons": [
                            "Test 6, The test variable, AuthVarUpdate, doesn't exist, skip the test."
                        ]
                    }
                },
                {
                    "sub_Test_Number": "7 of 11",
                    "sub_Test_Description": "Delete authenticated variable test.",
                    "sub_test_result": {
                        "PASSED": 0,
                        "FAILED": 0,
                        "ABORTED": 0,
                        "SKIPPED": 1,
                        "WARNINGS": 0,
                        "skip_reasons": [
                            "Test 7, The test data, AuthVarCreate, doesn't exist, skip the test."
                        ]
                    }
                },
                {
                    "sub_Test_Number": "8 of 11",
                    "sub_Test_Description": "Authenticated variable test with invalid modified data.",
                    "sub_test_result": {
                        "PASSED": 1,
                        "FAILED": 0,
                        "ABORTED": 0,
                        "SKIPPED": 0,
                        "WARNINGS": 0,
                        "pass_reasons": [
                            "Test 8, Set authenticated variable test with invalid modified data"
                        ]
                    }
                },
                {
                    "sub_Test_Number": "9 of 11",
                    "sub_Test_Description": "Authenticated variable test with invalid modified timestamp.",
                    "sub_test_result": {
                        "PASSED": 1,
                        "FAILED": 0,
                        "ABORTED": 0,
                        "SKIPPED": 0,
                        "WARNINGS": 0,
                        "pass_reasons": [
                            "Test 9, Set authenticated variable test with invalid modified timestamp"
                        ]
                    }
                },
                {
                    "sub_Test_Number": "10 of 11",
                    "sub_Test_Description": "Authenticated variable test with different guid.",
                    "sub_test_result": {
                        "PASSED": 1,
                        "FAILED": 0,
                        "ABORTED": 0,
                        "SKIPPED": 0,
                        "WARNINGS": 0,
                        "pass_reasons": [
                            "Test 10, Set authenticated variable test with different guid passed."
                        ]
                    }
                },
                {
                    "sub_Test_Number": "11 of 11",
                    "sub_Test_Description": "Set and delete authenticated variable created by different key",
                    "sub_test_result": {
                        "PASSED": 0,
                        "FAILED": 1,
                        "ABORTED": 0,
                        "SKIPPED": 0,
                        "WARNINGS": 0
                    }
                }
            ],
            "test_suite_summary": {
                "total_passed": 3,
                "total_failed": 2,
                "total_failed_with_waiver": 0,
                "total_aborted": 0,
                "total_skipped": 6,
                "total_warnings": 0
            }
        },
        {
            "Test_suite": "tpm2",
            "Test_suite_Description": "TPM2 Trusted Platform Module 2 test.",
            "subtests": [
                {
                    "sub_Test_Number": "Test 1 of 1",
                    "sub_Test_Description": "Aborted test",
                    "sub_test_result": {
                        "PASSED": 0,
                        "FAILED": 0,
                        "ABORTED": 1,
                        "SKIPPED": 0,
                        "WARNINGS": 0,
                        "abort_reasons": [
                            "Aborted test, initialisation failed."
                        ]
                    }
                }
            ],
            "test_suite_summary": {
                "total_passed": 0,
                "total_failed": 0,
                "total_failed_with_waiver": 0,
                "total_aborted": 1,
                "total_skipped": 0,
                "total_warnings": 0
            }
        }
    ],
    "suite_summary": {
        "total_passed": 3,
        "total_failed": 2,
        "total_failed_with_waiver": 0,
        "total_aborted": 1,
        "total_skipped": 6,
        "total_warnings": 0
    }
}