{
    "test_results": [
        {
            "Test_suite": "RuntimeServicesTest",
            "Sub_test_suite": "SecureBootTest",
            "Test_case": "VariableAttributes",
            "Test_case_description": "Verifies Secure Boot variable attributes.",
            "Test Entry Point GUID": "E39747C4-22D0-4D52-9C15-3C4EFA80E6C8",
            "Returned Status Code": "Success",
            "test_result": "FAILED",
            "reason": "",
            "subtests": [
                {
                    "sub_Test_Number": "1",
                    "sub_Test_Description": "SecureBoot - Verify SecureBoot is enabled ",
                    "sub_Test_GUID": "98F4A3F2-D329-4813-B00F-324A22F70D3C",
                    "sub_test_result": "PASS",
                    "sub_Test_Path": "/data_sda/cherat01/ATEG/System_Complaince/DT_DAILY_BUILD/arm-systemready/SystemReady-devicetree-band/Yocto/meta-woden/build/tmp/work/armv8a-oe-linux/ebbr-sct/1.0/edk2-test/SctPkg/TestCase/UEFI/EFI/RuntimeServices/SecureBoot/BlackBoxTest/VariableAttributesBBTest.c:149:Status - Success",
                    "reason": "Status - Success"
                },
                {
                    "sub_Test_Number": "2",
                    "sub_Test_Description": "SecureBoot - Verify SetupMode == 0",
                    "sub_Test_GUID": "42FE7061-7AF6-4EE7-83ED-72BA5024CE83",
                    "sub_test_result": "PASS",
                    "sub_Test_Path": "/data_sda/cherat01/ATEG/System_Complaince/DT_DAILY_BUILD/arm-systemready/SystemReady-devicetree-band/Yocto/meta-woden/build/tmp/work/armv8a-oe-linux/ebbr-sct/1.0/edk2-test/SctPkg/TestCase/UEFI/EFI/RuntimeServices/SecureBoot/BlackBoxTest/VariableAttributesBBTest.c:175:Status - Success",
                    "reason": "Status - Success"
                },
                {
                    "sub_Test_Number": "3",
                    "sub_Test_Description": "SecureBoot - Verify SecureBoot variable attributes",
                    "sub_Test_GUID": "1A65C9B2-66AB-4363-A18F-52E12FA200BB",
                    "sub_test_result": "PASS",
                    "sub_Test_Path": "/data_sda/cherat01/ATEG/System_Complaince/DT_DAILY_BUILD/arm-systemready/SystemReady-devicetree-band/Yocto/meta-woden/build/tmp/work/armv8a-oe-linux/ebbr-sct/1.0/edk2-test/SctPkg/TestCase/UEFI/EFI/RuntimeServices/SecureBoot/BlackBoxTest/VariableAttributesBBTest.c:203:Status - Buffer Too Small",
                    "reason": "Status - Buffer Too Small"
                },
                {
                    "sub_Test_Number": "4",
                    "sub_Test_Description": "SecureBoot - Verify SetupMode variable attributes",
                    "sub_Test_GUID": "83D73DD3-3827-4762-9E4E-C7D865F94F27",
                    "sub_test_result": "PASS",
                    "sub_Test_Path": "/data_sda/cherat01/ATEG/System_Complaince/DT_DAILY_BUILD/arm-systemready/SystemReady-devicetree-band/Yocto/meta-woden/build/tmp/work/armv8a-oe-linux/ebbr-sct/1.0/edk2-test/SctPkg/TestCase/UEFI/EFI/RuntimeServices/SecureBoot/BlackBoxTest/VariableAttributesBBTest.c:238:Status - Buffer Too Small",
                    "reason": "Status - Buffer Too Small"
                },
                {
                    "sub_Test_Number": "5",
                    "sub_Test_Description": "SecureBoot - Verify PK variable attributes",
                    "sub_Test_GUID": "67BCE6BB-FE72-4E4B-8D81-F37EE7C56402",
                    "sub_test_result": "PASS",
                    "sub_Test_Path": "/data_sda/cherat01/ATEG/System_Complaince/DT_DAILY_BUILD/arm-systemready/SystemReady-devicetree-band/Yocto/meta-woden/build/tmp/work/armv8a-oe-linux/ebbr-sct/1.0/edk2-test/SctPkg/TestCase/UEFI/EFI/RuntimeServices/SecureBoot/BlackBoxTest/VariableAttributesBBTest.c:273:Status - Buffer Too Small",
                    "reason": "Status - Buffer Too Small"
                },
                {
                    "sub_Test_Number": "6",
                    "sub_Test_Description": "SecureBoot - Verify KEK variable attributes",
                    "sub_Test_GUID": "C465F19A-87A5-46D2-B95F-545A4B382E9B",
                    "sub_test_result": "PASS",
                    "sub_Test_Path": "/data_sda/cherat01/ATEG/System_Complaince/DT_DAILY_BUILD/arm-systemready/SystemReady-devicetree-band/Yocto/meta-woden/build/tmp/work/armv8a-oe-linux/ebbr-sct/1.0/edk2-test/SctPkg/TestCase/UEFI/EFI/RuntimeServices/SecureBoot/BlackBoxTest/VariableAttributesBBTest.c:308:Status - Buffer Too Small",
                    "reason": "Status - Buffer Too Small"
                },
                {
                    "sub_Test_Number": "7",
                    "sub_Test_Description": "SecureBoot - Verify DB variable attributes",
                    "sub_Test_GUID": "A4C882F4-7392-49BE-950C-5E7A31711A12",
                    "sub_test_result": "PASS",
                    "sub_Test_Path": "/data_sda/cherat01/ATEG/System_Complaince/DT_DAILY_BUILD/arm-systemready/SystemReady-devicetree-band/Yocto/meta-woden/build/tmp/work/armv8a-oe-linux/ebbr-sct/1.0/edk2-test/SctPkg/TestCase/UEFI/EFI/RuntimeServices/SecureBoot/BlackBoxTest/VariableAttributesBBTest.c:343:Status - Buffer Too Small",
                    "reason": "Status - Buffer Too Small"
                },
                {
                    "sub_Test_Number": "8",
                    "sub_Test_Description": "SecureBoot - Verify DBX variable attributes",
                    "sub_Test_GUID": "BC37E48E-614F-44E1-9D9A-80E56C9B0090",
                    "sub_test_result": "PASS",
                    "sub_Test_Path": "/data_sda/cherat01/ATEG/System_Complaince/DT_DAILY_BUILD/arm-systemready/SystemReady-devicetree-band/Yocto/meta-woden/build/tmp/work/armv8a-oe-linux/ebbr-sct/1.0/edk2-test/SctPkg/TestCase/UEFI/EFI/RuntimeServices/SecureBoot/BlackBoxTest/VariableAttributesBBTest.c:378:Status - Buffer Too Small",
                    "reason": "Status - Buffer Too Small"
                },
                {
                    "sub_Test_Number": "9",
                    "sub_Test_Description": "BBSR Check Default SecureBoot Variable",
                    "sub_Test_GUID": "ABA4F85B-7B07-4E6B-93A6-29198D508934",
                    "sub_test_result": "PASS",
                    "sub_Test_Path": "PKDefault :/data_sda/cherat01/ATEG/System_Complaince/DT_DAILY_BUILD/arm-systemready/SystemReady-devicetree-band/Yocto/meta-woden/build/tmp/work/armv8a-oe-linux/ebbr-sct/1.0/edk2-test/SctPkg/TestCase/UEFI/EFI/RuntimeServices/SecureBoot/BlackBoxTest/VariableAttributesBBTest.c:452:Status - Success",
                    "reason": "Status - Success"
                },
                {
                    "sub_Test_Number": "10",
                    "sub_Test_Description": "BBSR Check Default SecureBoot Variable",
                    "sub_Test_GUID": "BFA3AD10-1C20-48E5-9D0D-1C1B0B3DC27B",
                    "sub_test_result": "PASS",
                    "sub_Test_Path": "KEKDefault :/data_sda/cherat01/ATEG/System_Complaince/DT_DAILY_BUILD/arm-systemready/SystemReady-devicetree-band/Yocto/meta-woden/build/tmp/work/armv8a-oe-linux/ebbr-sct/1.0/edk2-test/SctPkg/TestCase/UEFI/EFI/RuntimeServices/SecureBoot/BlackBoxTest/VariableAttributesBBTest.c:452:Status - Success",
                    "reason": "Status - Success"
                },
                {
                    "sub_Test_Number": "11",
                    "sub_Test_Description": "BBSR Check Default SecureBoot Variable",
                    "sub_Test_GUID": "AF0D74E7-A36C-4B07-95F9-DB6A24ACE17F",
                    "sub_test_result": "PASS",
                    "sub_Test_Path": "dbDefault :/data_sda/cherat01/ATEG/System_Complaince/DT_DAILY_BUILD/arm-systemready/SystemReady-devicetree-band/Yocto/meta-woden/build/tmp/work/armv8a-oe-linux/ebbr-sct/1.0/edk2-test/SctPkg/TestCase/UEFI/EFI/RuntimeServices/SecureBoot/BlackBoxTest/VariableAttributesBBTest.c:452:Status - Success",
                    "reason": "Status - Success"
                },
                {
                    "sub_Test_Number": "12",
                    "sub_Test_Description": "BBSR Check Default SecureBoot Variable",
                    "sub_Test_GUID": "DC5C7717-ED10-476C-B65E-6E009EE00323",
                    "sub_test_result": "FAILURE",
                    "sub_Test_Path": "dbxDefault :/data_sda/cherat01/ATEG/System_Complaince/DT_DAILY_BUILD/arm-systemready/SystemReady-devicetree-band/Yocto/meta-woden/build/tmp/work/armv8a-oe-linux/ebbr-sct/1.0/edk2-test/SctPkg/TestCase/UEFI/EFI/RuntimeServices/SecureBoot/BlackBoxTest/VariableAttributesBBTest.c:452:Status - Not Found",
                    "reason": "Status - Not Found"
                }
            ],
            "test_case_summary": {
                "total_passed": 11,
                "total_failed": 1,
                "total_failed_with_waiver": 0,
                "total_aborted": 0,
                "total_skipped": 0,
                "total_warnings": 0,
                "total_ignored": 0
            }
        },
        {
            "Test_suite": "RuntimeServicesTest",
            "Sub_test_suite": "SecureBootTest",
            "Test_case": "VariableUpdates",
            "Test_case_description": "Verifies Secure Boot variable updates.",
            "Test Entry Point GUID": "495CB6D7-0817-4015-A479-0DB4C2308626",
            "Returned Status Code": "Not Found",
            "test_result": "FAILED",
            "reason": "",
            "subtests": [
                {
                    "sub_Test_Number": "1",
                    "sub_Test_Description": "SecureBoot - VariableUpdatesBBTest: SecureBootVariableCleanup() failed",
                    "sub_Test_GUID": "6A8CAA83-B9DA-46C7-98F6-D4969DABDAA0",
                    "sub_test_result": "FAILURE",
                    "sub_Test_Path": "/data_sda/cherat01/ATEG/System_Complaince/DT_DAILY_BUILD/arm-systemready/SystemReady-devicetree-band/Yocto/meta-woden/build/tmp/work/armv8a-oe-linux/ebbr-sct/1.0/edk2-test/SctPkg/TestCase/UEFI/EFI/RuntimeServices/SecureBoot/BlackBoxTest/VariableUpdatesBBTest.c:137:Status - Not Found",
                    "reason": "Status - Not Found"
                }
            ],
            "test_case_summary": {
                "total_passed": 0,
                "total_failed": 1,
                "total_failed_with_waiver": 0,
                "total_aborted": 0,
                "total_skipped": 0,
                "total_warnings": 0,
                "total_ignored": 0
            }
        },
        {
            "Test_suite": "RuntimeServicesTest",
            "Sub_test_suite": "VariableServicesTest",
            "Test_case": "AuthVar_Conf",
            "Test_case_description": "Test the conformance of Auth Variable",
            "Test Entry Point GUID": "28155531-80C5-4AD0-8471-A5E2AECF236C",
            "Returned Status Code": "Success",
            "test_result": "PASSED",
            "reason": "",
            "subtests": [
                {
                    "sub_Test_Number": "1",
                    "sub_Test_Description": "RT.SetVariable - Set Invalid Time Base Auth Variable",
                    "sub_Test_GUID": "E9893BCB-EF2B-495C-82F0-D0630DA79476",
                    "sub_test_result": "PASS",
                    "sub_Test_Path": "/data_sda/cherat01/ATEG/System_Complaince/DT_DAILY_BUILD/arm-systemready/SystemReady-devicetree-band/Yocto/meta-woden/build/tmp/work/armv8a-oe-linux/ebbr-sct/1.0/edk2-test/SctPkg/TestCase/UEFI/EFI/RuntimeServices/VariableServices/BlackBoxTest/AuthVariableServicesBBTestConformance.c:226:Status - 800000000000001A",
                    "reason": "Status - 800000000000001A"
                },
                {
                    "sub_Test_Number": "2",
                    "sub_Test_Description": "RT.SetVariable - Set Auth Variable with valid cert.",
                    "sub_Test_GUID": "2534ABC0-1F01-48A0-96DE-F8BBA745C364",
                    "sub_test_result": "PASS",
                    "sub_Test_Path": "Attributes = Array[0]. /data_sda/cherat01/ATEG/System_Complaince/DT_DAILY_BUILD/arm-systemready/SystemReady-devicetree-band/Yocto/meta-woden/build/tmp/work/armv8a-oe-linux/ebbr-sct/1.0/edk2-test/SctPkg/TestCase/UEFI/EFI/RuntimeServices/VariableServices/BlackBoxTest/AuthVariableServicesBBTestConformance.c:259:Status - Unsupported",
                    "reason": "Status - Unsupported"
                },
                {
                    "sub_Test_Number": "3",
                    "sub_Test_Description": "RT.SetVariable - Set Auth Variable with invalid cert.",
                    "sub_Test_GUID": "55AF8FAD-1B12-45AD-B042-A643962F0470",
                    "sub_test_result": "PASS",
                    "sub_Test_Path": "Attributes = Array[0]. /data_sda/cherat01/ATEG/System_Complaince/DT_DAILY_BUILD/arm-systemready/SystemReady-devicetree-band/Yocto/meta-woden/build/tmp/work/armv8a-oe-linux/ebbr-sct/1.0/edk2-test/SctPkg/TestCase/UEFI/EFI/RuntimeServices/VariableServices/BlackBoxTest/AuthVariableServicesBBTestConformance.c:284:Status - Unsupported",
                    "reason": "Status - Unsupported"
                },
                {
                    "sub_Test_Number": "4",
                    "sub_Test_Description": "RT.QueryVariableInfo - Query Auth Variable.",
                    "sub_Test_GUID": "6D0740FB-388A-491F-B818-9B5CB5170F95",
                    "sub_test_result": "PASS",
                    "sub_Test_Path": "Attributes = Array[0]. /data_sda/cherat01/ATEG/System_Complaince/DT_DAILY_BUILD/arm-systemready/SystemReady-devicetree-band/Yocto/meta-woden/build/tmp/work/armv8a-oe-linux/ebbr-sct/1.0/edk2-test/SctPkg/TestCase/UEFI/EFI/RuntimeServices/VariableServices/BlackBoxTest/AuthVariableServicesBBTestConformance.c:309:Status - Unsupported",
                    "reason": "Status - Unsupported"
                },
                {
                    "sub_Test_Number": "5",
                    "sub_Test_Description": "RT.SetVariable - Set Auth Variable with valid cert.",
                    "sub_Test_GUID": "2534ABC0-1F01-48A0-96DE-F8BBA745C364",
                    "sub_test_result": "PASS",
                    "sub_Test_Path": "Attributes = Array[1]. /data_sda/cherat01/ATEG/System_Complaince/DT_DAILY_BUILD/arm-systemready/SystemReady-devicetree-band/Yocto/meta-woden/build/tmp/work/armv8a-oe-linux/ebbr-sct/1.0/edk2-test/SctPkg/TestCase/UEFI/EFI/RuntimeServices/VariableServices/BlackBoxTest/AuthVariableServicesBBTestConformance.c:259:Status - Unsupported",
                    "reason": "Status - Unsupported"
                },
                {
                    "sub_Test_Number": "6",
                    "sub_Test_Description": "RT.SetVariable - Set Auth Variable with invalid cert.",
                    "sub_Test_GUID": "55AF8FAD-1B12-45AD-B042-A643962F0470",
                    "sub_test_result": "PASS",
                    "sub_Test_Path": "Attributes = Array[1]. /data_sda/cherat01/ATEG/System_Complaince/DT_DAILY_BUILD/arm-systemready/SystemReady-devicetree-band/Yocto/meta-woden/build/tmp/work/armv8a-oe-linux/ebbr-sct/1.0/edk2-test/SctPkg/TestCase/UEFI/EFI/RuntimeServices/VariableServices/BlackBoxTest/AuthVariableServicesBBTestConformance.c:284:Status - Unsupported",
                    "reason": "Status - Unsupported"
                },
                {
                    "sub_Test_Number": "7",
                    "sub_Test_Description": "RT.QueryVariableInfo - Query Auth Variable.",
                    "sub_Test_GUID": "6D0740FB-388A-491F-B818-9B5CB5170F95",
                    "sub_test_result": "PASS",
                    "sub_Test_Path": "Attributes = Array[1]. /data_sda/cherat01/ATEG/System_Complaince/DT_DAILY_BUILD/arm-systemready/SystemReady-devicetree-band/Yocto/meta-woden/build/tmp/work/armv8a-oe-linux/ebbr-sct/1.0/edk2-test/SctPkg/TestCase/UEFI/EFI/RuntimeServices/VariableServices/BlackBoxTest/AuthVariableServicesBBTestConformance.c:309:Status - Unsupported",
                    "reason": "Status - Unsupported"
                },
                {
                    "sub_Test_Number": "8",
                    "sub_Test_Description": "RT.SetVariable - Set Auth Variable with valid cert.",
                    "sub_Test_GUID": "2534ABC0-1F01-48A0-96DE-F8BBA745C364",
                    "sub_test_result": "PASS",
                    "sub_Test_Path": "Attributes = Array[2]. /data_sda/cherat01/ATEG/System_Complaince/DT_DAILY_BUILD/arm-systemready/SystemReady-devicetree-band/Yocto/meta-woden/build/tmp/work/armv8a-oe-linux/ebbr-sct/1.0/edk2-test/SctPkg/TestCase/UEFI/EFI/RuntimeServices/VariableServices/BlackBoxTest/AuthVariableServicesBBTestConformance.c:259:Status - Unsupported",
                    "reason": "Status - Unsupported"
                },
                {
                    "sub_Test_Number": "9",
                    "sub_Test_Description": "RT.SetVariable - Set Auth Variable with invalid cert.",
                    "sub_Test_GUID": "55AF8FAD-1B12-45AD-B042-A643962F0470",
                    "sub_test_result": "PASS",
                    "sub_Test_Path": "Attributes = Array[2]. /data_sda/cherat01/ATEG/System_Complaince/DT_DAILY_BUILD/arm-systemready/SystemReady-devicetree-band/Yocto/meta-woden/build/tmp/work/armv8a-oe-linux/ebbr-sct/1.0/edk2-test/SctPkg/TestCase/UEFI/EFI/RuntimeServices/VariableServices/BlackBoxTest/AuthVariableServicesBBTestConformance.c:284:Status - Unsupported",
                    "reason": "Status - Unsupported"
                },
                {
                    "sub_Test_Number": "10",
                    "sub_Test_Description": "RT.QueryVariableInfo - Query Auth Variable.",
                    "sub_Test_GUID": "6D0740FB-388A-491F-B818-9B5CB5170F95",
                    "sub_test_result": "PASS",
                    "sub_Test_Path": "Attributes = Array[2]. /data_sda/cherat01/ATEG/System_Complaince/DT_DAILY_BUILD/arm-systemready/SystemReady-devicetree-band/Yocto/meta-woden/build/tmp/work/armv8a-oe-linux/ebbr-sct/1.0/edk2-test/SctPkg/TestCase/UEFI/EFI/RuntimeServices/VariableServices/BlackBoxTest/AuthVariableServicesBBTestConformance.c:309:Status - Unsupported",
                    "reason": "Status - Unsupported"
                },
                {
                    "sub_Test_Number": "11",
                    "sub_Test_Description": "RT.SetVariable - Set Auth Variable with valid cert.",
                    "sub_Test_GUID": "2534ABC0-1F01-48A0-96DE-F8BBA745C364",
                    "sub_test_result": "PASS",
                    "sub_Test_Path": "Attributes = Array[3]. /data_sda/cherat01/ATEG/System_Complaince/DT_DAILY_BUILD/arm-systemready/SystemReady-devicetree-band/Yocto/meta-woden/build/tmp/work/armv8a-oe-linux/ebbr-sct/1.0/edk2-test/SctPkg/TestCase/UEFI/EFI/RuntimeServices/VariableServices/BlackBoxTest/AuthVariableServicesBBTestConformance.c:259:Status - Unsupported",
                    "reason": "Status - Unsupported"
                },
                {
                    "sub_Test_Number": "12",
                    "sub_Test_Description": "RT.SetVariable - Set Auth Variable with invalid cert.",
                    "sub_Test_GUID": "55AF8FAD-1B12-45AD-B042-A643962F0470",
                    "sub_test_result": "PASS",
                    "sub_Test_Path": "Attributes = Array[3]. /data_sda/cherat01/ATEG/System_Complaince/DT_DAILY_BUILD/arm-systemready/SystemReady-devicetree-band/Yocto/meta-woden/build/tmp/work/armv8a-oe-linux/ebbr-sct/1.0/edk2-test/SctPkg/TestCase/UEFI/EFI/RuntimeServices/VariableServices/BlackBoxTest/AuthVariableServicesBBTestConformance.c:284:Status - Unsupported",
                    "reason": "Status - Unsupported"
                },
                {
                    "sub_Test_Number": "13",
                    "sub_Test_Description": "RT.QueryVariableInfo - Query Auth Variable.",
                    "sub_Test_GUID": "6D0740FB-388A-491F-B818-9B5CB5170F95",
                    "sub_test_result": "PASS",
                    "sub_Test_Path": "Attributes = Array[3]. /data_sda/cherat01/ATEG/System_Complaince/DT_DAILY_BUILD/arm-systemready/SystemReady-devicetree-band/Yocto/meta-woden/build/tmp/work/armv8a-oe-linux/ebbr-sct/1.0/edk2-test/SctPkg/TestCase/UEFI/EFI/RuntimeServices/VariableServices/BlackBoxTest/AuthVariableServicesBBTestConformance.c:309:Status - Unsupported",
                    "reason": "Status - Unsupported"
                },
                {
                    "sub_Test_Number": "14",
                    "sub_Test_Description": "RT.SetVariable - Set Auth Variable with valid cert.",
                    "sub_Test_GUID": "2534ABC0-1F01-48A0-96DE-F8BBA745C364",
                    "sub_test_result": "PASS",
                    "sub_Test_Path": "Attributes = Array[4]. /data_sda/cherat01/ATEG/System_Complaince/DT_DAILY_BUILD/arm-systemready/SystemReady-devicetree-band/Yocto/meta-woden/build/tmp/work/armv8a-oe-linux/ebbr-sct/1.0/edk2-test/SctPkg/TestCase/UEFI/EFI/RuntimeServices/VariableServices/BlackBoxTest/AuthVariableServicesBBTestConformance.c:259:Status - Unsupported",
                    "reason": "Status - Unsupported"
                },
                {
                    "sub_Test_Number": "15",
                    "sub_Test_Description": "RT.SetVariable - Set Auth Variable with invalid cert.",
                    "sub_Test_GUID": "55AF8FAD-1B12-45AD-B042-A643962F0470",
                    "sub_test_result": "PASS",
                    "sub_Test_Path": "Attributes = Array[4]. /data_sda/cherat01/ATEG/System_Complaince/DT_DAILY_BUILD/arm-systemready/SystemReady-devicetree-band/Yocto/meta-woden/build/tmp/work/armv8a-oe-linux/ebbr-sct/1.0/edk2-test/SctPkg/TestCase/UEFI/EFI/RuntimeServices/VariableServices/BlackBoxTest/AuthVariableServicesBBTestConformance.c:284:Status - Unsupported",
                    "reason": "Status - Unsupported"
                },
                {
                    "sub_Test_Number": "16",
                    "sub_Test_Description": "RT.QueryVariableInfo - Query Auth Variable.",
                    "sub_Test_GUID": "6D0740FB-388A-491F-B818-9B5CB5170F95",
                    "sub_test_result": "PASS",
                    "sub_Test_Path": "Attributes = Array[4]. /data_sda/cherat01/ATEG/System_Complaince/DT_DAILY_BUILD/arm-systemready/SystemReady-devicetree-band/Yocto/meta-woden/build/tmp/work/armv8a-oe-linux/ebbr-sct/1.0/edk2-test/SctPkg/TestCase/UEFI/EFI/RuntimeServices/VariableServices/BlackBoxTest/AuthVariableServicesBBTestConformance.c:309:Status - Unsupported",
                    "reason": "Status - Unsupported"
                },
                {
                    "sub_Test_Number": "17",
                    "sub_Test_Description": "RT.SetVariable - Set Auth Variable with valid cert.",
                    "sub_Test_GUID": "2534ABC0-1F01-48A0-96DE-F8BBA745C364",
                    "sub_test_result": "PASS",
                    "sub_Test_Path": "Attributes = Array[5]. /data_sda/cherat01/ATEG/System_Complaince/DT_DAILY_BUILD/arm-systemready/SystemReady-devicetree-band/Yocto/meta-woden/build/tmp/work/armv8a-oe-linux/ebbr-sct/1.0/edk2-test/SctPkg/TestCase/UEFI/EFI/RuntimeServices/VariableServices/BlackBoxTest/AuthVariableServicesBBTestConformance.c:259:Status - Unsupported",
                    "reason": "Status - Unsupported"
                },
                {
                    "sub_Test_Number": "18",
                    "sub_Test_Description": "RT.SetVariable - Set Auth Variable with invalid cert.",
                    "sub_Test_GUID": "55AF8FAD-1B12-45AD-B042-A643962F0470",
                    "sub_test_result": "PASS",
                    "sub_Test_Path": "Attributes = Array[5]. /data_sda/cherat01/ATEG/System_Complaince/DT_DAILY_BUILD/arm-systemready/SystemReady-devicetree-band/Yocto/meta-woden/build/tmp/work/armv8a-oe-linux/ebbr-sct/1.0/edk2-test/SctPkg/TestCase/UEFI/EFI/RuntimeServices/VariableServices/BlackBoxTest/AuthVariableServicesBBTestConformance.c:284:Status - Unsupported",
                    "reason": "Status - Unsupported"
                },
                {
                    "sub_Test_Number": "19",
                    "sub_Test_Description": "RT.QueryVariableInfo - Query Auth Variable.",
                    "sub_Test_GUID": "6D0740FB-388A-491F-B818-9B5CB5170F95",
                    "sub_test_result": "PASS",
                    "sub_Test_Path": "Attributes = Array[5]. /data_sda/cherat01/ATEG/System_Complaince/DT_DAILY_BUILD/arm-systemready/SystemReady-devicetree-band/Yocto/meta-woden/build/tmp/work/armv8a-oe-linux/ebbr-sct/1.0/edk2-test/SctPkg/TestCase/UEFI/EFI/RuntimeServices/VariableServices/BlackBoxTest/AuthVariableServicesBBTestConformance.c:309:Status - Unsupported",
                    "reason": "Status - Unsupported"
                },
                {
                    "sub_Test_Number": "20",
                    "sub_Test_Description": "RT.SetVariable - Set Auth Variable with valid cert.",
                    "sub_Test_GUID": "2534ABC0-1F01-48A0-96DE-F8BBA745C364",
                    "sub_test_result": "PASS",
                    "sub_Test_Path": "Attributes = Array[6]. /data_sda/cherat01/ATEG/System_Complaince/DT_DAILY_BUILD/arm-systemready/SystemReady-devicetree-band/Yocto/meta-woden/build/tmp/work/armv8a-oe-linux/ebbr-sct/1.0/edk2-test/SctPkg/TestCase/UEFI/EFI/RuntimeServices/VariableServices/BlackBoxTest/AuthVariableServicesBBTestConformance.c:259:Status - Unsupported",
                    "reason": "Status - Unsupported"
                },
                {
                    "sub_Test_Number": "21",
                    "sub_Test_Description": "RT.SetVariable - Set Auth Variable with invalid cert.",
                    "sub_Test_GUID": "55AF8FAD-1B12-45AD-B042-A643962F0470",
                    "sub_test_result": "PASS",
                    "sub_Test_Path": "Attributes = Array[6]. /data_sda/cherat01/ATEG/System_Complaince/DT_DAILY_BUILD/arm-systemready/SystemReady-devicetree-band/Yocto/meta-woden/build/tmp/work/armv8a-oe-linux/ebbr-sct/1.0/edk2-test/SctPkg/TestCase/UEFI/EFI/RuntimeServices/VariableServices/BlackBoxTest/AuthVariableServicesBBTestConformance.c:284:Status - Unsupported",
                    "reason": "Status - Unsupported"
                },
                {
                    "sub_Test_Number": "22",
                    "sub_Test_Description": "RT.QueryVariableInfo - Query Auth Variable.",
                    "sub_Test_GUID": "6D0740FB-388A-491F-B818-9B5CB5170F95",
                    "sub_test_result": "PASS",
                    "sub_Test_Path": "Attributes = Array[6]. /data_sda/cherat01/ATEG/System_Complaince/DT_DAILY_BUILD/arm-systemready/SystemReady-devicetree-band/Yocto/meta-woden/build/tmp/work/armv8a-oe-linux/ebbr-sct/1.0/edk2-test/SctPkg/TestCase/UEFI/EFI/RuntimeServices/VariableServices/BlackBoxTest/AuthVariableServicesBBTestConformance.c:309:Status - Unsupported",
                    "reason": "Status - Unsupported"
                },
                {
                    "sub_Test_Number": "23",
                    "sub_Test_Description": "RT.SetVariable - Set Auth Variable with valid cert.",
                    "sub_Test_GUID": "2534ABC0-1F01-48A0-96DE-F8BBA745C364",
                    "sub_test_result": "PASS",
                    "sub_Test_Path": "Attributes = Array[7]. /data_sda/cherat01/ATEG/System_Complaince/DT_DAILY_BUILD/arm-systemready/SystemReady-devicetree-band/Yocto/meta-woden/build/tmp/work/armv8a-oe-linux/ebbr-sct/1.0/edk2-test/SctPkg/TestCase/UEFI/EFI/RuntimeServices/VariableServices/BlackBoxTest/AuthVariableServicesBBTestConformance.c:259:Status - Unsupported",
                    "reason": "Status - Unsupported"
                },
                {
                    "sub_Test_Number": "24",
                    "sub_Test_Description": "RT.SetVariable - Set Auth Variable with invalid cert.",
                    "sub_Test_GUID": "55AF8FAD-1B12-45AD-B042-A643962F0470",
                    "sub_test_result": "PASS",
                    "sub_Test_Path": "Attributes = Array[7]. /data_sda/cherat01/ATEG/System_Complaince/DT_DAILY_BUILD/arm-systemready/SystemReady-devicetree-band/Yocto/meta-woden/build/tmp/work/armv8a-oe-linux/ebbr-sct/1.0/edk2-test/SctPkg/TestCase/UEFI/EFI/RuntimeServices/VariableServices/BlackBoxTest/AuthVariableServicesBBTestConformance.c:284:Status - Unsupported",
                    "reason": "Status - Unsupported"
                },
                {
                    "sub_Test_Number": "25",
                    "sub_Test_Description": "RT.QueryVariableInfo - Query Auth Variable.",
                    "sub_Test_GUID": "6D0740FB-388A-491F-B818-9B5CB5170F95",
                    "sub_test_result": "PASS",
                    "sub_Test_Path": "Attributes = Array[7]. /data_sda/cherat01/ATEG/System_Complaince/DT_DAILY_BUILD/arm-systemready/SystemReady-devicetree-band/Yocto/meta-woden/build/tmp/work/armv8a-oe-linux/ebbr-sct/1.0/edk2-test/SctPkg/TestCase/UEFI/EFI/RuntimeServices/VariableServices/BlackBoxTest/AuthVariableServicesBBTestConformance.c:309:Status - Unsupported",
                    "reason": "Status - Unsupported"
                },
                {
                    "sub_Test_Number": "26",
                    "sub_Test_Description": "RT.SetVariable - Set Auth Variable with valid cert.",
                    "sub_Test_GUID": "2534ABC0-1F01-48A0-96DE-F8BBA745C364",
                    "sub_test_result": "PASS",
                    "sub_Test_Path": "Attributes = Array[8]. /data_sda/cherat01/ATEG/System_Complaince/DT_DAILY_BUILD/arm-systemready/SystemReady-devicetree-band/Yocto/meta-woden/build/tmp/work/armv8a-oe-linux/ebbr-sct/1.0/edk2-test/SctPkg/TestCase/UEFI/EFI/RuntimeServices/VariableServices/BlackBoxTest/AuthVariableServicesBBTestConformance.c:259:Status - Unsupported",
                    "reason": "Status - Unsupported"
                },
                {
                    "sub_Test_Number": "27",
                    "sub_Test_Description": "RT.SetVariable - Set Auth Variable with invalid cert.",
                    "sub_Test_GUID": "55AF8FAD-1B12-45AD-B042-A643962F0470",
                    "sub_test_result": "PASS",
                    "sub_Test_Path": "Attributes = Array[8]. /data_sda/cherat01/ATEG/System_Complaince/DT_DAILY_BUILD/arm-systemready/SystemReady-devicetree-band/Yocto/meta-woden/build/tmp/work/armv8a-oe-linux/ebbr-sct/1.0/edk2-test/SctPkg/TestCase/UEFI/EFI/RuntimeServices/VariableServices/BlackBoxTest/AuthVariableServicesBBTestConformance.c:284:Status - Unsupported",
                    "reason": "Status - Unsupported"
                },
                {
                    "sub_Test_Number": "28",
                    "sub_Test_Description": "RT.QueryVariableInfo - Query Auth Variable.",
                    "sub_Test_GUID": "6D0740FB-388A-491F-B818-9B5CB5170F95",
                    "sub_test_result": "PASS",
                    "sub_Test_Path": "Attributes = Array[8]. /data_sda/cherat01/ATEG/System_Complaince/DT_DAILY_BUILD/arm-systemready/SystemReady-devicetree-band/Yocto/meta-woden/build/tmp/work/armv8a-oe-linux/ebbr-sct/1.0/edk2-test/SctPkg/TestCase/UEFI/EFI/RuntimeServices/VariableServices/BlackBoxTest/AuthVariableServicesBBTestConformance.c:309:Status - Unsupported",
                    "reason": "Status - Unsupported"
                },
                {
                    "sub_Test_Number": "29",
                    "sub_Test_Description": "RT.SetVariable - Set Auth Variable with valid cert.",
                    "sub_Test_GUID": "2534ABC0-1F01-48A0-96DE-F8BBA745C364",
                    "sub_test_result": "PASS",
                    "sub_Test_Path": "Attributes = Array[9]. /data_sda/cherat01/ATEG/System_Complaince/DT_DAILY_BUILD/arm-systemready/SystemReady-devicetree-band/Yocto/meta-woden/build/tmp/work/armv8a-oe-linux/ebbr-sct/1.0/edk2-test/SctPkg/TestCase/UEFI/EFI/RuntimeServices/VariableServices/BlackBoxTest/AuthVariableServicesBBTestConformance.c:259:Status - Unsupported",
                    "reason": "Status - Unsupported"
                },
                {
                    "sub_Test_Number": "30",
                    "sub_Test_Description": "RT.SetVariable - Set Auth Variable with invalid cert.",
                    "sub_Test_GUID": "55AF8FAD-1B12-45AD-B042-A643962F0470",
                    "sub_test_result": "PASS",
                    "sub_Test_Path": "Attributes = Array[9]. /data_sda/cherat01/ATEG/System_Complaince/DT_DAILY_BUILD/arm-systemready/SystemReady-devicetree-band/Yocto/meta-woden/build/tmp/work/armv8a-oe-linux/ebbr-sct/1.0/edk2-test/SctPkg/TestCase/UEFI/EFI/RuntimeServices/VariableServices/BlackBoxTest/AuthVariableServicesBBTestConformance.c:284:Status - Unsupported",
                    "reason": "Status - Unsupported"
                },
                {
                    "sub_Test_Number": "31",
                    "sub_Test_Description": "RT.QueryVariableInfo - Query Auth Variable.",
                    "sub_Test_GUID": "6D0740FB-388A-491F-B818-9B5CB5170F95",
                    "sub_test_result": "PASS",
                    "sub_Test_Path": "Attributes = Array[9]. /data_sda/cherat01/ATEG/System_Complaince/DT_DAILY_BUILD/arm-systemready/SystemReady-devicetree-band/Yocto/meta-woden/build/tmp/work/armv8a-oe-linux/ebbr-sct/1.0/edk2-test/SctPkg/TestCase/UEFI/EFI/RuntimeServices/VariableServices/BlackBoxTest/AuthVariableServicesBBTestConformance.c:309:Status - Unsupported",
                    "reason": "Status - Unsupported"
                },
                {
                    "sub_Test_Number": "32",
                    "sub_Test_Description": "RT.SetVariable - Set Auth Variable with valid cert.",
                    "sub_Test_GUID": "2534ABC0-1F01-48A0-96DE-F8BBA745C364",
                    "sub_test_result": "PASS",
                    "sub_Test_Path": "Attributes = Array[10]. /data_sda/cherat01/ATEG/System_Complaince/DT_DAILY_BUILD/arm-systemready/SystemReady-devicetree-band/Yocto/meta-woden/build/tmp/work/armv8a-oe-linux/ebbr-sct/1.0/edk2-test/SctPkg/TestCase/UEFI/EFI/RuntimeServices/VariableServices/BlackBoxTest/AuthVariableServicesBBTestConformance.c:259:Status - Unsupported",
                    "reason": "Status - Unsupported"
                },
                {
                    "sub_Test_Number": "33",
                    "sub_Test_Description": "RT.SetVariable - Set Auth Variable with invalid cert.",
                    "sub_Test_GUID": "55AF8FAD-1B12-45AD-B042-A643962F0470",
                    "sub_test_result": "PASS",
                    "sub_Test_Path": "Attributes = Array[10]. /data_sda/cherat01/ATEG/System_Complaince/DT_DAILY_BUILD/arm-systemready/SystemReady-devicetree-band/Yocto/meta-woden/build/tmp/work/armv8a-oe-linux/ebbr-sct/1.0/edk2-test/SctPkg/TestCase/UEFI/EFI/RuntimeServices/VariableServices/BlackBoxTest/AuthVariableServicesBBTestConformance.c:284:Status - Unsupported",
                    "reason": "Status - Unsupported"
                },
                {
                    "sub_Test_Number": "34",
                    "sub_Test_Description": "RT.QueryVariableInfo - Query Auth Variable.",
                    "sub_Test_GUID": "6D0740FB-388A-491F-B818-9B5CB5170F95",
                    "sub_test_result": "PASS",
                    "sub_Test_Path": "Attributes = Array[10]. /data_sda/cherat01/ATEG/System_Complaince/DT_DAILY_BUILD/arm-systemready/SystemReady-devicetree-band/Yocto/meta-woden/build/tmp/work/armv8a-oe-linux/ebbr-sct/1.0/edk2-test/SctPkg/TestCase/UEFI/EFI/RuntimeServices/VariableServices/BlackBoxTest/AuthVariableServicesBBTestConformance.c:309:Status - Unsupported",
                    "reason": "Status - Unsupported"
                }
            ],
            "test_case_summary": {
                "total_passed": 34,
                "total_failed": 0,
                "total_failed_with_waiver": 0,
                "total_aborted": 0,
                "total_skipped": 0,
                "total_warnings": 0,
                "total_ignored": 0
            }
        },
        {
            "Test_suite": "RuntimeServicesTest",
            "Sub_test_suite": "VariableServicesTest",
            "Test_case": "AuthVar_Func",
            "Test_case_description": "Test the function of Auth Variable",
            "Test Entry Point GUID": "9338D0EC-807B-4750-986A-8F2A91BB3616",
            "Returned Status Code": "800000000000001A",
            "test_result": "FAILED",
            "reason": "",
            "subtests": [
                {
                    "sub_Test_Number": "1",
                    "sub_Test_Description": "RT.SetVariable - Create one Time Base Auth Variable, the expect return status should be EFI_SUCCESS",
                    "sub_Test_GUID": "008E18A5-C345-48AE-9134-61A692E30B87",
                    "sub_test_result": "FAILURE",
                    "sub_Test_Path": "/data_sda/cherat01/ATEG/System_Complaince/DT_DAILY_BUILD/arm-systemready/SystemReady-devicetree-band/Yocto/meta-woden/build/tmp/work/armv8a-oe-linux/ebbr-sct/1.0/edk2-test/SctPkg/TestCase/UEFI/EFI/RuntimeServices/VariableServices/BlackBoxTest/AuthVariableServicesBBTestFunction.c:636:Status - 800000000000001A",
                    "reason": "Status - 800000000000001A"
                }
            ],
            "test_case_summary": {
                "total_passed": 0,
                "total_failed": 1,
                "total_failed_with_waiver": 0,
                "total_aborted": 0,
                "total_skipped": 0,
                "total_warnings": 0,
                "total_ignored": 0
            }
        },
        {
            "Test_suite": "RuntimeServicesTest",
            "Sub_test_suite": "BBSRVariableSizeTest",
            "Test_case": "BBSRVariableSizeTest_func",
            "Test_case_description": "Test that UEFI variable size requirements of BBSR are met.",
            "Test Entry Point GUID": "19A9EDCF-EEB9-43E4-86A0-F28734FED429",
            "Returned Status Code": "Success",
            "test_result": "FAILED",
            "reason": "",
            "subtests": [
                {
                    "sub_Test_Number": "1",
                    "sub_Test_Description": "RT.SecurityVariableSizeTest - BBSR Variable Size test",
                    "sub_Test_GUID": "B6DC17CA-71E1-4BD5-9E76-F9A0847D9AE4",
                    "sub_test_result": "FAILURE",
                    "sub_Test_Path": "/data_sda/cherat01/ATEG/System_Complaince/DT_DAILY_BUILD/arm-systemready/SystemReady-devicetree-band/Yocto/meta-woden/build/tmp/work/armv8a-oe-linux/ebbr-sct/1.0/edk2-test/SctPkg/TestCase/UEFI/EFI/RuntimeServices/BBSRVariableSizeTest/BlackBoxTest/BBSRVariableSizeBBTestFunction.c:164:",
                    "reason": ""
                },
                {
                    "sub_Test_Number": "2",
                    "sub_Test_Description": "RT.SecurityVariableSizeTest - BBSR Variable Size test",
                    "sub_Test_GUID": "9B37033F-53AF-4097-AAE3-73FD28D267D5",
                    "sub_test_result": "FAILURE",
                    "sub_Test_Path": "/data_sda/cherat01/ATEG/System_Complaince/DT_DAILY_BUILD/arm-systemready/SystemReady-devicetree-band/Yocto/meta-woden/build/tmp/work/armv8a-oe-linux/ebbr-sct/1.0/edk2-test/SctPkg/TestCase/UEFI/EFI/RuntimeServices/BBSRVariableSizeTest/BlackBoxTest/BBSRVariableSizeBBTestFunction.c:194:",
                    "reason": ""
                }
            ],
            "test_case_summary": {
                "total_passed": 0,
                "total_failed": 2,
                "total_failed_with_waiver": 0,
                "total_aborted": 0,
                "total_skipped": 0,
                "total_warnings": 0,
                "total_ignored": 0
            }
        },
        {
            "Test_suite": "RuntimeServicesTest",
            "Sub_test_suite": "SecureBootTest",
            "Test_case": "ImageLoading",
            "Test_case_description": "Verifies Secure Boot image loading.",
            "Test Entry Point GUID": "BA4A8DD9-2D6A-43A6-96CF-7947892B7359",
            "Returned Status Code": "Not Found",
            "test_result": "FAILED",
            "reason": "",
            "subtests": [
                {
                    "sub_Test_Number": "1",
                    "sub_Test_Description": "Secure Boot - ImageLoadingTest: unable to set KEK",
                    "sub_Test_GUID": "6A8CAA83-B9DA-46C7-98F6-D4969DABDAA0",
                    "sub_test_result": "FAILURE",
                    "sub_Test_Path": "/data_sda/cherat01/ATEG/System_Complaince/DT_DAILY_BUILD/arm-systemready/SystemReady-devicetree-band/Yocto/meta-woden/build/tmp/work/armv8a-oe-linux/ebbr-sct/1.0/edk2-test/SctPkg/TestCase/UEFI/EFI/RuntimeServices/SecureBoot/BlackBoxTest/ImageLoadingBBTest.c:324:Status - 800000000000001A",
                    "reason": "Status - 800000000000001A"
                }
            ],
            "test_case_summary": {
                "total_passed": 0,
                "total_failed": 1,
                "total_failed_with_waiver": 0,
                "total_aborted": 0,
                "total_skipped": 0,
                "total_warnings": 0,
                "total_ignored": 0
            }
        },
        {
            "Test_suite": "RuntimeServicesTest",
            "Sub_test_suite": "TCGMemoryOverwriteRequestTest",
            "Test_case": "Test MOR and MORLOCK",
            "Test_case_description": "Test for MOR and MORLOCK EFI variables in accordance with TCG spec",
            "Test Entry Point GUID": "2104436A-77C8-4514-B7D7-AA8A6BD18DA4",
            "Returned Status Code": "Not Found",
            "test_result": "FAILED",
            "reason": "",
            "subtests": [
                {
                    "sub_Test_Number": "1",
                    "sub_Test_Description": "MemoryOverwriteRequestControl - Validate that the MOR Variable is created by the platform in accordance with TCG Spec",
                    "sub_Test_GUID": "D1C31D5F-944F-434C-8826-A6FB00D4BB97",
                    "sub_test_result": "FAILURE",
                    "sub_Test_Path": "/data_sda/cherat01/ATEG/System_Complaince/DT_DAILY_BUILD/arm-systemready/SystemReady-devicetree-band/Yocto/meta-woden/build/tmp/work/armv8a-oe-linux/ebbr-sct/1.0/edk2-test/SctPkg/TestCase/UEFI/EFI/RuntimeServices/TCGMemoryOverwriteRequest/BlackBoxTest/TCGMemoryOverwriteRequestBBTestFunction.c:351:Status - Not Found, DataSize - 1, Attributes",
                    "reason": "Status - Not Found, DataSize - 1, Attributes"
                }
            ],
            "test_case_summary": {
                "total_passed": 0,
                "total_failed": 1,
                "total_failed_with_waiver": 0,
                "total_aborted": 0,
                "total_skipped": 0,
                "total_warnings": 0,
                "total_ignored": 0
            }
        },
        {
            "Test_suite": "PlatformResetAttackMitigationPsciTest",
            "Sub_test_suite": "PlatformResetAttackMitigationPsciTest_func",
            "Test_case": "PlatformResetAttackMitigationPsciTest_func",
            "Test_case_description": "Test whether Platform Reset Attack Mitigation implemented with PSCI",
            "Test Entry Point GUID": "F4FC5DE8-7BA2-422C-A55B-4F760ED6A85D",
            "Returned Status Code": "Success",
            "test_result": "NOT SUPPORTED",
            "reason": "",
            "subtests": [
                {
                    "sub_Test_Number": "1",
                    "sub_Test_Description": "Platfrom Reset Attack prevention support via PSCI",
                    "sub_Test_GUID": "24D2D671-EA3D-4C67-BAA2-736BEB0966F9",
                    "sub_test_result": "WARNING",
                    "sub_Test_Path": "/data_sda/cherat01/ATEG/System_Complaince/DT_DAILY_BUILD/arm-systemready/SystemReady-devicetree-band/Yocto/meta-woden/build/tmp/work/armv8a-oe-linux/ebbr-sct/1.0/edk2-test/SctPkg/TestCase/UEFI/EFI/Generic/PlatformResetAttackMitigationPsciTest/BlackBoxTest/PlatformResetAttackMitigationPsciBBTestFunction.c:156:",
                    "reason": ""
                }
            ],
            "test_case_summary": {
                "total_passed": 0,
                "total_failed": 0,
                "total_failed_with_waiver": 0,
                "total_aborted": 0,
                "total_skipped": 0,
                "total_warnings": 1,
                "total_ignored": 0
            }
        }
    ],
    "suite_summary": {
        "total_passed": 45,
        "total_failed": 7,
        "total_failed_with_waiver": 0,
        "total_aborted": 0,
        "total_skipped": 0,
        "total_warnings": 1,
        "total_ignored": 0
    }
}